path,size,sha256
Config.exe,135168,2c05c2c904bcf3c504fea8c3ed63a8a6a5651926fa1b12f316f6ec2d83e850c5
Hod2.exe,1699840,1d5e056711509c700724ad2b35de1938d7069c68423e3b4dd16ec19d56125524
Hod2.ini,192,a790c0e861a0eb4ef8a6b7fa931b161bbe9c50a824c884f7d54b15c508a0e5d4
cam/cp_demo.bin,12364,62e0ddaa2c4755e3b063d95a3b1f8e3ffad400b25db06d29e83d93fa65e4ec3b
cam/cp_demo2.bin,8752,7d71d51f65555cd66e9a7a1b9f2e5ae153ecbf644c455a6817c1117a1536489d
cam/cp_end.bin,8860,31c5b71c48979acf7b42dd4641cb8e6515636c89c09d8905de6eba608df55dca
cam/cp_gmovr.bin,584,9fb219c60b1a64f89bcafdf0fa04dfbb48f3a0c822205b99b7f7882ce464be95
cam/cp_st1.bin,36000,264bbd98d49579823c853da600e0d8b064759be8389fdcdaa38ff894fbc7db3c
cam/cp_st2.bin,127308,188c4d7a540e14c9892c4e9a2a6bae734a0b1affddecbed6862f0609a44a163f
cam/cp_st3.bin,124524,3b528e25356aa0946da4c19df1c32810e8b332a913f0db4b08abce509d2cae96
cam/cp_st4.bin,73316,443d9c10ee7e1f618af57f49b48ff2d27962e13bb65d4be87d7a3649a813ad67
cam/cp_st5.bin,44028,63f2450756edcb1f0d8f87f2939cb8f6856f6eb55ac27a2e518138d843b23a00
cam/cp_st6.bin,33604,fae81f6a25fb26582ef24db925b9a456881b44b7fa8f7842d4425c77929e4c0f
cam/cp_test.bin,3272,b69eb2dd4c7d438d634a632e1fc99fda38e47183e951b6bae6aa2f145528bcff
cam/cp_title.bin,584,832071403ca65897a3906af1179832f8e4273111e52a243caf8e607b30047aa0
cam/cp_train.bin,16756,d1fe4cb326f7ea5bbe5e07093257fb165b356085bddacce589706849e1fb4de4
cam/cp_tuto.bin,1736,435b0bab8d4bc874bd74b39ec1a906d417b003c964a88daa3c5b8b4786729aa3
cam/op_demo.bin,1208,9758d6d36641f0ae4eb2411cdc193b6c807992220494d25652b26c91d1479079
cam/op_org.bin,2412,adca655e74ba933d6f7c57d6ff209019f9e2b1c58465721dc4a8592b0e6b760b
cam/op_st1.bin,60560,f49b2a8155713ab880ecdd6271d3fefaf32de2a17dec109a2d4315deff484be6
cam/op_st2.bin,17460,ccbd4f44a2dc44f1a33e8bfa874b384b4e6ca4102b6973bf3beed21bfc1f29cd
cam/op_st3.bin,77136,c677f3ec875b3e0a176a91389716568d4b51d3d054a20ffdf05fc210a21d7a42
cam/op_st4.bin,9584,e54c7a72a2f03c451320a0d65d8d3548455b08fbd744944006c700b6a465a0f8
cam/op_st5.bin,30756,b4a08c873bbaf0612ed33e761491f03e9b83244a35cb1da7ce81c57249c93d94
cam/op_st6.bin,20940,c7c123d0ea864530021afe63014646df4a06723a7e15cee9cfbc23d368b9b84a
cam/op_train.bin,30964,5e0c953ab457ae767988b7825a43e57c4d9a5a75d754f9f371ba99929ffc6b8c
coli/coli.bin,241664,81f1f9b2dfa46aa49ccacdb2abcffba5cf0d85a887046362e247c2947f7751f0
coli/coli0.bin,5184,4f0f92b26e6ee2c6d7697f2ad055d3b3185ea650c5d6413264e5a29908899630
coli/coli1.bin,9224,efc7d09c26f637e95a5d1474f47188fa992cd00b6a81c01b6a28256269f5ed52
coli/coli2.bin,53160,1aa7443bf6617a4607c40d878ec685e14b2084c182d96d8f97932d30ba418481
coli/coli3.bin,67976,4174b83662f92650513f13e44404ff622d46fe33bfeedea7499dffbd3d6ea33b
coli/coli4.bin,44080,5a64f446a9d8fd77dee613bc65136472e536c72f1cf94bccf7c6104810f687fd
coli/coli5.bin,1032,6c822250f6c699bac31a3570b21bf2e295059c93e9926e4b79f491c2e3e78d4b
coli/coli6.bin,3504,6b7b949e62e85913215992cf72e661a60d48ccfd587959fab6c5bd5e1ff56d6c
coli/coliT.bin,1024,e8df417830f9afba103134e9cea3e18d8793f98a20d2148c7083b8924e10b134
evt/adv2evtbl.bin,3542,6f8392930fae52e7921c42aa585c6f147fb36e19381315e2efbcf0fe7e7adebc
evt/advevtbl.bin,11580,28b543adcfe7c4498d5e5ebdde42f778687359947ca97dda11f8055222d2a2ed
evt/comevtbl.bin,296,2c72b792da7cb0d50f587562ff7fd99022e8df653be91d3fd1258fa4eaaa41b4
evt/endevtbl.bin,9372,0caa9690a9d78fcdd7361fd80c1b64e592fc1d9057f5325a6ae1c913fb105da2
evt/st1evtbl.bin,27722,8f78e4fd2a79c8e4deb5fe7a08f84aeb4d5b4d4453cec1cb62353128b70ff5d5
evt/st2evtbl.bin,92472,a87be02d3f34b3821dbb3e44ec513e7c690ac6ede2cba7981d86c55941f15699
evt/st3evtbl.bin,44076,4b35eee32036c38e9e0ebeb195852eb201b55e8e71d41b4f6b44ae23588afd45
evt/st4evtbl.bin,44216,f86cfa1681a18822bf48f935bd6c416b2cab9ee26cac6aa16619c3a823c8cdd2
evt/st5evtbl.bin,17636,d2efa7c88298d4ec2d8b4d786b54a0534f88814e48c7b671c63fc2271a72ed05
evt/st6evtbl.bin,21048,e845d17484772ca1a37ff288c1c033544fb50ac9b94110aed17f8a57dcefeaba
evt/trnevtbl.bin,21560,1ebd1197fde9b9a9d88377624814f3420f0d17882ddcecbc9d805c49725d248c
exception.log,3256,edc31aa9519218eb54d426fdae86ec40e3109cd9f9785eeacdc4f601f119b136
mot/ans.bin,33464,a89720503ec178aa6d82f2956003358e7dbfde3da34ad70d8f883aa9fe393486
mot/assb.bin,15480,e72af96298d544bb5ac889efe1d34bca81adaa5f1fe5f9b0d4fdf0b3142e4161
mot/bat.bin,812,22c76f0fe38613cf8c4eee1798b72b5848d0032027fbab36b111d4b6b9169a9d
mot/boss1.bin,249748,923e44d564f28d5988561ca561aa02982f8077e6c048565fa56f8f81147058d9
mot/boss2.bin,187688,de08b8cd98608a4c3d8ed15e98aaa20d035ba839af148ac8d7e9da2b600b5b87
mot/boss3.bin,276220,7d15c83c9145fe5de5e0421a24e34632c633011fbd41cd2b2fce72e38df82d4b
mot/boss4.bin,111568,3a378d9c729b2e7f2705b99337a921d561e9227a28067bca8f4cd9203ea31d78
mot/boss5.bin,110872,06182b9d1ef56c7ec8092a38a39bc607d4cef069819d9e211f158c6cc799a3e0
mot/boss6.bin,105636,d634c02eb378fda2dc1bc097e769c5c645a6f66f5b9bb806b4d465752c3a2db4
mot/cha.bin,62664,ed09e972b047779ec44bba75419b0df281b66a545185ce0c5831736f19c58dda
mot/cibi.bin,44604,b8a8e1a0caa8de2a2e911cf91ab190fb9967949666c96e91f1ddfdb25c0a9537
mot/debu.bin,75024,2410e689d2d31e017d11e79d3b9cbead0f66602221f280561056f42bd5d6476d
mot/ebi.bin,111600,121d2c2f55560d5fa181e60a774f80b582ea86ad420c64a77020cf6313208a81
mot/frog.bin,24932,4cfe1efb0d55cd2f2012909f8df0cc71a2b4de9d460ac7acc98fa118e41ac2f1
mot/g.bin,36456,e175d98951bd2fce049f59ff88c6e7f8916b07ab6f3312ea1763ee6380d0a9b4
mot/gold.bin,152328,4122376114d779727722af4f2ebf7837e7989bfef150aa010897e63153b89607
mot/hod1.bin,222756,61f5e78d7f4a91a1d48d8853ebf5e0fe8cbebc485b6ed67eecf7527971e88a58
mot/hzom.bin,25688,094bf3aa390ea7a8878146eecd1d18b54095d02351750a733c88fa185058e81e
mot/kage.bin,56840,1f08586e0fa3250e7a54b020dfd814924601a160f30bb8d6027a1ae00fef20fc
mot/kame.bin,50972,da4bcd62f90cc372e4cb2662feefab7e7a21d84ef33f286e8b307a7568cb4dd7
mot/katana.bin,28024,e703eb9673a03ac845e27da276dbe6e67e5591317c11be07b30d8a460a092daa
mot/komono.bin,76536,67974e9944eb6554573995f7c5eac4d118a63ffef4a1a514879c6dfd068cd51d
mot/komono_bridge.bin,28236,6bf87d8ae6120c98eda2ab9effce7f74c9781cbde65e8b1629f84aa49112cd8f
mot/komono_colo.bin,33068,c84615b2311cc82de6a81978214fff9ced64f39987c8e572dccbc62f0b46abe1
mot/komono_door.bin,632,9f23a34299fffaff5decd60279ce6ed31181b44de6497990a4b860567d0dacec
mot/komono_man.bin,1512,825b48030ed25158f5c129c7be51e442bb7a88f357dd8857a376e21b57552434
mot/komono_niwa.bin,127648,7a90a30ace84a89ee6cb5780a232ad13966bcc4a04569cb8c720f16fe72eb0e6
mot/komono_souko.bin,64088,47b7cd1cfef16b8a241ff2c5addbbf11737ef9313ed29213f8a962a9f1bbc796
mot/komono_st2.bin,59368,c42bd158674035b34f5a5654f97184eef3c60aa97121746447eebbc19f8ea01f
mot/komono_st6.bin,5520,6048673f72afd0f8b94a96347b231f50732224c9e8bad41901cf63427576a322
mot/ksei.bin,43700,9cfe273bb84cc2a61d4fadc5d6fe0099858a427b25ee54435b50c1a73b57ad1d
mot/lsr.bin,126872,30ee3bbeb388be74f5f2b8c727cc6bd4f0159e54a39938b1abe1cab0971eca73
mot/mol.bin,6980,6a0f907d1f5f6419f42defc10fa47804892d3366b4252b96ee563a0e555fb9b0
mot/nick.bin,28912,7a228165001ee10b2a6a26f3a9a139cbaec2afb26744721d637c47e8aea9f8bb
mot/nya.bin,46052,87d2e2d0d69820f58b6226b6d728db73ab8895ad5d428d3d6bbd27eba9061b4c
mot/ono.bin,114020,34e1d8d868b468ac374964f631f35e06abdfcfaddee53e786fa2ae4cc784428f
mot/people.bin,768944,5195ad2ffd0fb4a83a56ddfce75bc46f34fc9b4e75f0fe6b0235d0fc3970df59
mot/player.bin,195164,f3a63f059c83875a3957aab7d65c7da38e48815412766e943f25a5104985a025
mot/player1.bin,61352,505254a842f019a5bde23759464782281cd6d6e65cb76147c502ffe0fd399816
mot/player2.bin,100072,38bc991a8d5f875e98ba4532db195475d9ded07925f16cd35f43ad8e0354188f
mot/player3.bin,91272,891137ac6ad62cfd1dc7d3bd3706854c80e3dc0a702f72cda7038d2c985dea0b
mot/player4.bin,171832,f1b18f2d35e4ed02dc6ae431258d18e211fe39de147b091ea2d3f83a0ed030c6
mot/player5.bin,57556,6948cf647c131a84f34e7b0cc9e8c1426d027ecf44d7a5f002d1c6d55b57b88e
mot/player6.bin,15048,7d2362ed4b818389fceeef8ab5bceb35da767987a0b79f6378c009a860e07238
mot/playerend.bin,60604,c3b8ad7a35b91195293b18c47ddb134b94773687771b7c752f9e80b04e4f4ce4
mot/skag.bin,54116,792900d952dc3216c87d3f799c8f9c00fe8730dd070cbc3a61089607a4891edf
mot/szom.bin,134940,e6a31a93a1995835716ce9470d8b0cb9fc60c17a9ccd46bf04084adf79f575ca
mot/trn.bin,29552,9893dba62f2a234f295abd06528a15a9e6f453d484fcbeb77864e450439515a7
mot/tt.bin,88,ee729ee74825216c1b1e81ddeb09a60a95340444a10043f93aa67ab469220227
mot/zom.bin,354908,6aca90a455f89f2976a17be296bdc78c956a1d6a8b2f53a146ec9579853987ba
pol/b6boss1z.bin,30021,bdc677aeb3e23b9415242b2d671b5481f76ec375eee0a256501973b08e204b28
pol/b6boss1z_wing.bin,2442,886b616ec072f671234081350cc7e0c62fb0c7dedac3abeca63c81afda4c4a2b
pol/b6boss2.bin,32008,ebf1bc8bcebde9587edda8eae0ad87c90c49da40a740c51a85161f9c33276d6a
pol/b6boss3.bin,31151,cfbcc70bb2e1c11ffd40c2ebcdf920d343cf93aeff125eb0b2c2d8b64d2c940c
pol/b6boss4.bin,32064,79b1bf65c8dc6465bb37854e8bc753782cf790a8a36dd313289836807035e089
pol/b6boss5.bin,53481,78f0ea2894ed0e815e1d9c197f47ea7e8e937d8e75742e6c97d373937486eab1
pol/bg_adv00.bin,63515,a71732ba5a25899b21964901d9d9bf3f34fd87f8f89df3a3c1a22a510a66ebee
pol/bg_adv01.bin,67589,371476bfdd05572d01e6da6bae84c69dba0a7a3821324e5c10016adf8a6f1eec
pol/bg_adv02.bin,36814,016c3a040f7ed2c264e0db1058a85c3e79341ccb7e93f430e233aa8d9e64015b
pol/bg_adv03.bin,81832,d7f891a620d7c0721cce276457e33e8bdf5de5cbf8b3e45ff949ea39e80ba70a
pol/bg_adv04.bin,3896,eb9d6a3313f188d19a72ce0a080f52457d73bcce81b05852b07e76d88962196a
pol/bg_adv05.bin,15385,c1b180082081576d654f25afec8dce1228578bb118c90b583a666598e411de87
pol/bg_adv06.bin,6528,d7583a515aa54791fe05eb9e526831537b43c46d4304c0d7d62dd01b6fdcfb32
pol/bg_adv07.bin,35681,2bb3a8cc3aae4dbdea3b773d00101923e5317efdcf8f50d793c71862b9d3d12c
pol/bg_adv08.bin,66258,0d46c9a6ac332bd2eacfd92d07826b5e83c850ef45b294dd24a546696175cb0d
pol/bg_adv09.bin,59782,499136949b7e4eaf84c548b27f3d81308660243d3d4fe443ba29a0e4b37b66db
pol/bg_adv10.bin,232,38c4395ece360b448ff1650382c75377030d5641c1a6b042bf5d67009e5e7a42
pol/bg_adv11.bin,102269,e4ff50a3b442240b773df3912b270329da50109c70df912cf7d82c90333564b8
pol/bg_adv12.bin,18781,05e6c3f72461f7e7dbeb0058e6bd12cb39da5aa72e19696a594c78002c5c8632
pol/bg_adv13.bin,24060,c16f333c5aa087c18d7557c35b8dfbc84473ca67fdd21c5d3cc9c6a1a603d362
pol/bg_adv14.bin,15149,28d0bd66c6bb7a7efd10292e8cc60dd4df5017f1a701a344d7f80ba87f17ed25
pol/bg_adv15.bin,20341,de0ec79711130fb5d1466d8695f9b6961d16019c0d04067d7a25e5a833476035
pol/bg_adv16.bin,13994,101068559e8bcb4febeb7138d820bcd3e9761547e142b6b55563431e53ae12c5
pol/bg_adv17.bin,48266,42d065a7fb8721ea52dd65b044d0eee53994c23045ff79e511814f21a9b3e8e0
pol/bg_adv18.bin,76351,18fdb3c68c335c8209154eadbcb4acbbb46efc1a091b3b5c225b87d07192312b
pol/bg_adv19.bin,987,f027bf8f545abe915c4e482a95260f0885df9a8bb845b72a3f801fa9e8de0482
pol/bg_result01.bin,74750,d7274f542793d66bc7b49d703c02279fce41ca7f1772beac1c82b46afc409e5b
pol/bg_result02.bin,66621,88d172a76feaa171427008ee545fcb1c7b64f0e9c7bb8e920ff97998a1da980a
pol/bg_result03.bin,9688,fce0d07529b46b5beca92bfc1a4d8b289d9e211b6a03bec09c559053bdfd9e5c
pol/bg_result04.bin,52817,c766f1be14fca66318756621a55325889e86a88ff788bedea878db41a0da0fd8
pol/boss1q.bin,82291,a5637f1590c9bed1bf29ebf5cca54d5f6062d0727d66c9ac0cf1b606e01195f0
pol/boss1z.bin,130796,de3246d1cda7f202afee6431d42fd23f5581ea9e283a409ec50b9da016023862
pol/boss1z_wing.bin,2236,551cbc50c783481ce445cc06f5a6c5f518a738ab1c5bdaaf16fb26a257cf234d
pol/boss2.bin,127170,e0b14301cefda16a0f929f06a8ee3698febf847ba6e4f8a03f0b7ac525cee40c
pol/boss2_hane_hod1.bin,148295,353c01ab0e0e819468a5868e0a102530a15dd75b80d94f03f1f9550324ee6f8c
pol/boss2_hod1.bin,44286,5de4748ec96b1ebcff66fea8cb346399482978309b9e764c4469ff249599d449
pol/boss3.bin,20001,4670c0ada48ce00e69160b4f57dd924d144fe1726f0d917a119073c298f88f36
pol/boss3_hod1.bin,433037,f6d2e18b687a86e7c33475292214d1502027c5aabc3db233a7944443166d15a2
pol/boss3l.bin,31908,25a1feea5d46cb62de1a9df32a30f5d1060e3a9c5b9e70fd8c6866db9797b6b4
pol/boss4.bin,152586,96e07bfe1e82c401f430e9dd38a784d005d39a2c766b0b3be62e1a12f0c6bfe2
pol/boss4_hod1.bin,49792,08957c00a9e3b8f6e02bc838e95b42b8a239fabf7ad970a4efe48c614cceef1a
pol/boss4_hrs_hod1.bin,173882,6fd294cf384f2cd14188f7be279fd06aac5954f0b23783dc244708b65be989c2
pol/boss4_kls_hod1.bin,326586,030cbf752b760924eb229a96df706852ec0bbdc1482e28553e6a20df7db87ec8
pol/boss4_mls_hod1.bin,226121,d1ffc1f429249766a76bc525a5b8012ad70d32957c67d68fb4a0c43ed959449e
pol/boss5.bin,687817,ac41f5c67a08819f9d27a305a20bb9dbeac6c3910674125e0120d9f15a4e4dae
pol/boss5b.bin,567605,4177ab8ed1183eef1e1c99edf1e3d11c7a2122bf547bea96470645c415ed1c3e
pol/boss6.bin,204653,1e7b883a3cdb937baea645f1c6ef87d6c85cce3a274ea31141dd8cc1af171c35
pol/bridge.bin,49643,fc15f69f2bf6f40a48c4388407d18fbcee6257ea282bdc954d0c91ce9d2ffe8b
pol/bridge_st5.bin,15653,c07d4da3349705299e68041f8b38547aa1948b68c2e7c7362e36a713d7abde74
pol/buyo.bin,153744,f9d5163f30824d650a53d14f71d5298242d760611f2e76ef177eaa6e7a49390b
pol/car_1.bin,86925,3e56d3fb4ff0088a05ef0d78f4331bc1533577c7021aba6ff8bc1d16f414bafa
pol/car_2.bin,27638,650a2f1f7c4f78f01a6ce7eec53f1827ecf46f1559cd6f923de01d3b7dee698a
pol/car_org.bin,40023,b91fc71c1bd8775498fd3bb0ce5f6c573c28f3e10d7098d4d626dc2a91a702ec
pol/car_pl.bin,59055,92cb96eb578ba6f556a20e8bc1bdb8ca3b942b9b8ce960c1f787133edc98a2ed
pol/cat.bin,19847,d0d386d7ea91e95763f7af80ff7b2c61b8ea1e36e1e7b6b14d0731805212f790
pol/char_adv00.bin,56966,d8c582a44302718c9a3908af0f11c1ec5b6a2100c0a881e5798bd65feb29540f
pol/char_adv01.bin,53654,f06a8a8decaf649395ff7d4eddb612cbd3fbb0596689c18edb54a92471073c28
pol/char_adv02.bin,133348,d66fca51ac15a3b5a024e91b6731f9cddacd724f8806bfbca63f75054d1812e7
pol/char_adv03.bin,232,38c4395ece360b448ff1650382c75377030d5641c1a6b042bf5d67009e5e7a42
pol/char_adv04.bin,266587,aa241b2937eae71499e3ec4976e2b2d622280789202e76ac1a1fe5038596d037
pol/char_adv05.bin,317425,73ff8854c2e064c24bf6a2c6fc5f5c41bdbab3e0123408caad03cbde336ed7c1
pol/char_adv06.bin,135151,5099eb0721b4bfe6a92d7276cbdb7de53821206fb6104cd61ccaffc78814bb98
pol/char_adv07.bin,205550,8cddfc26959d46f4351888f746287eb321d331dd2882313b334266968b90abf8
pol/colo_monitor.bin,507,a4d8c77a6553beb754cc827b44115c12f65d5d33f8adc5e37546449b2f346dcf
pol/common.bin,575389,bf4dfa4356017259a1c34878aa6d1de1bcc2f485c70629c5621ae6089a87746a
pol/curien.bin,34229,e59846a27dd36a074761102b71c74108ed8c31249e416ce56cf5a59921386f99
pol/dc_ctrl.bin,159414,1bf213e29c3c0e6f77b7aa56361ef6e58571193305acfc53ee8330583d06ee07
pol/deka_musume.bin,27426,012c82f6e3061343ecf6eeab992f8a8c4481e5b5d0d9275a1b21d0ac55d1965b
pol/deka_otoko.bin,36442,11f0eaaefb257df69d80205cd6498b1bab0fdced8360955e8d7cb89bb07efa61
pol/dolam.bin,46421,3c6c77bccdbb3ac3ddd112bf274bb45470b85046e17d0bba98b249e34b9ec36e
pol/door_1.bin,365518,cb8c7e98656d16e103ce9772f2e7582c952801b9bd9cac0c95ff0e2d142baf85
pol/eff_1.bin,38028,233449102f481459ab6c52615b80e55145553b876a6342c9a641cb29481c6fe7
pol/eff_2.bin,61318,0892baac2db173a986396d05e2ba226a77b50318cf6a57e30832cffb816bad8c
pol/eff_3.bin,232,38c4395ece360b448ff1650382c75377030d5641c1a6b042bf5d67009e5e7a42
pol/eff_4.bin,3607,d012a762ff67ab48da6a138931cdbaaacd9f8578acaed9b6210890e241c10bec
pol/eff_boss3.bin,198996,0fbebb23402bdbaccf1c1879c0e20970e88eadcc6c83cdbe668e44692ed99929
pol/eff_boss4.bin,232,38c4395ece360b448ff1650382c75377030d5641c1a6b042bf5d67009e5e7a42
pol/eff_boss5.bin,311177,bb519cd4ec7e1b14f4e4fbc6e5cf99e8a48b71e9dae6115a579cf5222636a74d
pol/eff_boss6.bin,145595,3d19672e2fa4a955089d4b1913ec8e1c85a740de318337cd02f1a1ab67aea5b3
pol/eff_car.bin,6220,4601b78c80b5268b95d1b097e448e670e9a164451aee54253bdd99047273cc64
pol/eff_colo.bin,12173,c272f25cf5de8c1236b409c00e573bfdba3863c8744feea15eb435e349b6c342
pol/eff_dokan.bin,130622,1cc7d9cc9e249e4a609cbadea3f7a0f4d65406881a024f19b17dba4866398872
pol/eff_funsui.bin,300218,d945b465d050965c29378e3e486a8be9fbb1a951f6d03309edbb752f1428fc14
pol/eff_funsui2.bin,658,c612c55dd4a17b2b018909ba25de5a67d3598003d30cbaa12ff0b49283e7b8e8
pol/eff_izumi.bin,4204,d0d77ced15f73cc0a01480f9feebb18dfe164f34bbe2c7fcd711bf3b5a97340d
pol/eff_org.bin,270,a4493d233d435b1624a31caeb1c8ffeedcf42fe84c8cbdab9b9df1ec3996eece
pol/eff_org10.bin,8377,5b809c72699fd6b96bad5e9fc10c3266af18ff5a8a0f3b42cd1c44b931d3f4ad
pol/eff_org11.bin,391,6023dc6384f22951bc6e97633d5e74ac8d2c201462b248878d0d11d7d8f84793
pol/eff_org12.bin,678,271ad3b30ea45f09a772ab12fa8f3afaef3234fcb01984a0d54e9ffb850b7bcd
pol/eff_org2.bin,13860,c6d081986cf3915fa41ce70dea861beb9eb71777c617442b2484d1c887266aac
pol/eff_org3.bin,13999,7c1a788f8ae90dddffbb602e0f3cfa12f66a14315457bba5035165f4a12c82b6
pol/eff_org4.bin,518,3e796920b494dd51b3274df66214adaaac1c9a59b90cddca8f45926c51387d57
pol/eff_org5.bin,519,66ce404ad2ee039c269e255e6aaf6adc3493c9675bcec2143b7854107137f4b3
pol/eff_org5b.bin,389,5bb26e3edd0857dbd3ebaba2cba914db4b1b5e0266b8c3b523d691f27c755006
pol/eff_org6.bin,18433,5df758be5780a2b2b13f555bc36224ae506378ea620c5049d15b627593a1ab04
pol/eff_org7.bin,3963,6f5c40286ac8112f894a2a2888b02e20294263a5d33b39a7396dee7d3729ffa3
pol/eff_org8.bin,4981,ca989e80b704c4fc75bd60f63e4b9e7b97eaf8f50875f87a01d42d9bd4cdd1c1
pol/eff_org9.bin,63138,62f16b2d6ae30b289cae1498f480f1fc74bf0aa86a7a9c9e10b8218eb9d98ff8
pol/eff_shop.bin,44151,5a2bc69a2eb8052bcf9d65230b7f2b100c54b8175253bb4261a6af1b95e70de2
pol/eff_taki.bin,10772,60c294cdf61195ed467260d78cfe854c9da585f08a76ebaf2ea983f85bcfc4ea
pol/etc_1.bin,270336,6253064e67ae81164c9de2648a7986fdda9f097556ce2009ce5c382e3e9cf8bf
pol/etc_1_01.bin,8192,3c8d713d8cecafd787bb428fd825d176e333a726ebde6977c12106d2d97144cb
pol/etc_1_02.bin,6144,bf584400535b69738e7a26b42f48b6fcb76af3535e0aadaa62ebc7d11d0712c5
pol/etc_1_03.bin,10240,74a47da87ade5a198b3690f54bd6b11c404190d43140cffccb8b5606c31500d6
pol/etc_1_04.bin,14336,fad2c34466482506c342ec40e2ae286c6ece97368e24a85042858d8a36b6964c
pol/etc_1_05.bin,69632,b6ceb7d6eed2c3f25e063303f1250456853d1c2becb53e8e2272ff51105d8bcf
pol/etc_1_06.bin,4096,095926197397083cecb50ef8113e7f5d12a02c630e2bab1225e647c5db2d988e
pol/etc_1_07.bin,4096,095926197397083cecb50ef8113e7f5d12a02c630e2bab1225e647c5db2d988e
pol/etc_1_08.bin,4096,095926197397083cecb50ef8113e7f5d12a02c630e2bab1225e647c5db2d988e
pol/etc_1_09.bin,4096,095926197397083cecb50ef8113e7f5d12a02c630e2bab1225e647c5db2d988e
pol/etc_2.bin,118784,839efe1a12a1406d5171fe80580c8e09048d017934d86e296e18a1bcf968c1a4
pol/etc_boy_kao.bin,14336,946c081196f345f8560ff22b726248a2ba20bd2f75f7e5345eb12c50a164797b
pol/etc_door.bin,28672,281c71630fec38c07e9cdcfb9df127efad58f72546489016698dbcea23f7789c
pol/etc_gal_kao.bin,26624,5ba78b88d1ef32a04e68c304774a77279d593b848edadaa120571742f91aa6c3
pol/etc_komono_baba.bin,14336,ee2819246f1f6434ca3bbb50a1305841dc93506d705a48b35c88136918a6e32f
pol/etc_komono_boy.bin,12288,c28ee844e0b34ed622637c7d582384be1022aab1f77cbc8aba2f60a4b1395bef
pol/etc_komono_buru.bin,6144,61c04fef945c7f2a88f7946c73c66a417535ee19bdcdd610ff028571b43f32bf
pol/etc_komono_fem.bin,6144,9767e5a948c17415c3c4cf7d58ccc1548ae8a3f8aefdfbc698db71945f07310b
pol/etc_komono_gal.bin,55296,1c7f261c8ed47c0369139a2a4c28c14d1cacc7a2ae68c9f6c9f7fa906c1cc971
pol/etc_komono_garl.bin,18432,4a1f9777dcd0a593bac2a4f97fbc36832f836b4df1434b897b4d571c353d9f20
pol/etc_komono_man.bin,24576,29590b4307099a2991919502e673f3a3d814fa40fdd4198e2c1e1d5f5afc125e
pol/etc_komono_mario.bin,22528,05e20ea339b5ccb057876fc34065e590b1cdc6e679b483bfacbb570ff61411d9
pol/etc_komono_oyaji.bin,32768,6849347428b8a67d0c66517d25e134a575f42faeb11bb53a7918d81505fdec10
pol/etc_man_kao.bin,45056,26bf10c92e243f7f2b162d2b342f56f1ebdf52e22d1e685af82e09eaf2bb7d10
pol/etc_oyaji_kao.bin,18432,fe7ef2f295d67cc9d5ff5ad1b1b4a92a3a73784882dfbd2405d2cd7d354dd21d
pol/files.txt,19396,92d48e430b0a34754326a2db87012ef39c9ad98cfb12bd0e769bff13ec436c98
pol/fish.bin,213817,f2628f6141a9d65a6700c8eb8ccf1904e50e66478263d042b8a10f12037d885b
pol/frog.bin,103086,aabb08c62ce6b9533bfd4e8d8894738a3e951de3fefe8036f86edb55698b3488
pol/frog_gold.bin,11663,62bc1562faa98abd34f4a74158e12256f955db42691e1f1104ea071e7dc9ec8e
pol/gameover_player.bin,98564,acbd9e84bb9567a411bc8110e4836bb458a0e360d94f90d33e77debe77ff708f
pol/gameover_route.bin,220,b1d875c0f16a09702559085698e428df628a890d2804d0a6f0d51dfb497cbd78
pol/garasu.bin,16274,be6fe27617d0182993b22170bbf7e9f07cefa077553911e92a2440d2f5307fbc
pol/harold.bin,147936,aad48dacdbc86fee3dd615ba018610ad8f071dd18e15591a655971f49f3fb402
pol/hito_baba.bin,56891,7c676443fcc0d9c22d934cbb40ccb1991eb22535d8115105cb2d2b5c5ef7d0a4
pol/hito_babann.bin,24756,76de31f5905e8e62ff4adaae9e875377b87ce069fe2f3ccecab17523f62b8f33
pol/hito_boyaa.bin,24163,d744c5625f1bbe5fb9546cff53558ef102ae44b9d2176ede1f576ac8315ec4cf
pol/hito_buru.bin,33281,5ff4c21c32b1a7ec7f7b9cdacecf17b31d31b854d79cf2798982097fa8626b03
pol/hito_fem.bin,36533,96f47d41f7390543134b38c4274a7598d7440b72e73e4560d9a5a328acefcdf9
pol/hito_gal.bin,25131,c06a93f6f2f04f830cfb3be0203703a28f7d520db667ed92b0292d998df9d645
pol/hito_gal2.bin,26363,cdb98e7c74d7a8d671d832a26258d9adb9a242c2734d3ea79237bd47d3693877
pol/hito_gal3.bin,25669,10e2550c84b5c145b679430780e626e87f57f66b212fbe68b547649706c25a13
pol/hito_galaa.bin,25893,42634f95b3001353ea373b8bf164c0efe17ac0d58bf128db65dc2a4ee762ec41
pol/hito_galjk.bin,28209,f0c77c777a493d28b419bef155f43f1c983ff8b54783ba0df7056064c1d3a3a1
pol/hito_galjkaa.bin,30529,7238f4a1819818c4f3e357a25d19c03b97d3b0fc346be2e156248acfaae88e27
pol/hito_garl.bin,25615,47a5ed5556f11a0c493ad8f6509e06a10fa54cb883191e8be3dbf42722ddbd3b
pol/hito_garl2.bin,25861,19fdbf8c297a3895878b7aeb2a4f1328e1ac378415461cd0264f2aeb01ae14d9
pol/hito_kao_baba.bin,224788,a08d9976a3365315e5eab66ae068608092ec044dff17fb10e59f0868ef3d0596
pol/hito_kao_boy.bin,71177,667d151070ad95ace2860440cd52392b63444f430732c2dc672691a2a972fb7a
pol/hito_kao_gal.bin,115118,7721bda4733e881cfd39e41c8944c6b2029739208f8f6d3d952d1e7455564d7a
pol/hito_kao_garl.bin,31891,da4470baf40b17e50cbcaa16e6915c6bd8e29c1259bb02f71bb0e9e4fac48051
pol/hito_kao_man.bin,144480,71caf8e46cdc675769ca8f78b1fb88decde8affdff16197164b2e24615d82172
pol/hito_kao_mario.bin,180943,fe2242fde6e05b0c3d0c924ee3f3f7004ffd9dac699cc2594eb6f11af189b7f9
pol/hito_kao_oyaji.bin,115939,c21f831f41cd76183a9a7cf835727ba7434cdeaa6f060293ff6c3ec3aaf9b028
pol/hito_man.bin,34488,872e86b3d898dfa1bb3fd04ce0acc00677b8c52db0c743854f371d3c6a223c80
pol/hito_man2.bin,30953,a5bc67a24bea93218598f1430c13e764d88a247fddc7409538981364f50c8dfc
pol/hito_manbest.bin,34307,3dcaad80a13df6c492089214d5b89ec24015c10cc111ebac6c2ae6dd249ba6bf
pol/hito_mario.bin,39199,47b74822ae556c530d0c00aa7b7a6760e5995a59858a81b800d7b9132aacbbfc
pol/hito_mario2.bin,31335,4e4e88360d24b1b9fdc50885541ca10622563aed66b7e2746c02231c67455fa7
pol/hito_marioaa.bin,33625,fa17ba053160c64e88f6c605b042ccd4a66ac204a1901e29df203e19b7702cca
pol/hito_oyaji.bin,40445,2049c80b247da1aa4e33df709721abb951133d1c44dd51e72dfda452d56cf936
pol/hito_oyaji2.bin,26750,ec9726fba8c29227e849663b2c6dd64029a83b8dd102f813b143df657d439c29
pol/hito_oyajiaa.bin,24492,3df9f8e5660910cab44a362e74ab636c89af32c3230035f5bed02aec9fae7ae8
pol/hito_oyajisagyo.bin,25209,6c797ea4ca4f3487dd7e46a2288663216fd0001d7771183188fd6def3ce8e416
pol/hitoc.bin,34129,b08ca99c8b4c782a7838d9ae29a73fb9acdb36085f2de92e635ab60e659596bf
pol/hou.bin,110214,c4cd399f305327d75e9a732766a6aa11563223ca8bee904baad44ef61c408ea2
pol/hou_hod1.bin,27394,cb5774c2538cdff258f06a7edea082324a0234bc298743e679b5cb4e4e3006a5
pol/item_dia.bin,7878,f77fd6f269f929ed07c72ed2c928a1d3adfc6b5aa3d392d3e4a51327bed0ee97
pol/komono_0.bin,987,6c44bc2bdec9ffb5e1b8bed94992a496ac56f403087db89e0a874847745ab5f3
pol/komono_1.bin,9761,e831d174925256c80de7d21cd6677bddb9b49bc57d152e6b0406d19048f2331b
pol/komono_2.bin,22318,0d0238804539a723bf85dd2db967d9b6e406c101c13af7bf2deba3886b0f6463
pol/komono_3.bin,35220,4b9d0b02743628bf0f7472c6ba5f19e4870a1d32673f46b59683985bbbe7ac5e
pol/komono_4.bin,232,38c4395ece360b448ff1650382c75377030d5641c1a6b042bf5d67009e5e7a42
pol/komono_5.bin,18889,86727e20dd4f26c9701d95890d5380b88a877d267356eb57c3a7326256d1baef
pol/komono_6.bin,7314,a5aab196518e1d66ba39252aada452c8c1407cece3c1772935ad3d3366e4440f
pol/komono_7.bin,13184,1b4531a39a1d2bb1d3c1f74ce37e47bdf5423d8427c97f3a592b3b5ffe9a38eb
pol/komono_8.bin,232,38c4395ece360b448ff1650382c75377030d5641c1a6b042bf5d67009e5e7a42
pol/komono_anna.bin,9842,2117d9d300afb7a43a047cba2d8540dc281200cbf5b6f77c464d59f7bf5314f4
pol/komono_bar.bin,22906,8a82bd94e3af455429a819bfdc40dccb1b5de525f931a29160c11d60e08ef5b7
pol/komono_barmae.bin,7555,25a64d2a58add404068763594fbdff0dd8623aeedc6f9362289d5809c8423303
pol/komono_boat.bin,17787,296a9ac6b9f7ff97827f05128a2d49a289f054f314c468dfba211e8def022f28
pol/komono_boss2.bin,6274,68c4cabe31fd76cfd20de166486c9275fb4d5c64e9116c09aeafea7779d6f385
pol/komono_ido_oke.bin,26566,5c4692136cbfb3a2780227a9dabd2aeea719bef3e2fdc13145433d450a77331c
pol/komono_kanban.bin,2535,ca7f36f9b82ab97e688b1cbe7061968cd07e80b1c916801b35593726ef257fee
pol/komono_room.bin,34772,eb3e7bfb42af327886bf5d1bed9c1b25e65ca1151dd5fc86b36496a613476c7c
pol/komono_shop.bin,1710,e8336d4608a17ff4e49cfd0f060d8b80a36853f4d212f8ef7713eb1fdfada53a
pol/komono_shop2.bin,2508,40f8f6e9e6a11fe911156b0b0266de7555baffa1f22df9ed021eec32a9881bdd
pol/komono_souko.bin,10286,11db0c0eae4151e2658d78af47c7a8d31694a0235a068edcc8b4241e7e203784
pol/komono_st1.bin,23247,d2c09a7e907f2836c6e9ea439e934ffe2e76cde9db7f3bbfc1288b559370fe1f
pol/komono_st1b.bin,9018,0855d17c822aad1b65c5b0049b15764eba4875ed2e8a1c4de799984534141a4e
pol/komono_st2.bin,232,38c4395ece360b448ff1650382c75377030d5641c1a6b042bf5d67009e5e7a42
pol/komono_st4.bin,16503,042a065ef87e4931bc3b54ea65ea2e15e771c2cb3ab55a9cd73606f5c474fbc1
pol/komono_st6.bin,34120,67004c83c2f4098870d82c9872f0c3fa90b606ef2ff2b3264b9fe265ac2cb33c
pol/komono_suimon.bin,10620,173975645335c36634edb9c92817c5856d3b95698661cf697c27b9beefa71155
pol/komono_suimonie.bin,18479,7b171a54993f0afa9530eef1b9dc7f0faafcbfb99185535be6db603e3f5abf77
pol/komono_title.bin,1773,ffd8d0cac387e49541243575df76a1528e61eed8a060ab4caef7d772ba5c83ae
pol/komono_tokeidai.bin,9531,594ef1841980e0771a4a78d5fe749ba650b91a8c8d101d87c3ded073748533c5
pol/komono_uemiti.bin,3574,b2728ae76542672b7e981ea4b798c9f9e1431c9309bd6cfbee7ad632adeee916
pol/komono_unga.bin,7005,5073dd375a2742f0ab80a908ccca4dce4a6a6b20f1c7c607c96f1a4c2603ca72
pol/komono_venis.bin,5366,daddf35a6efe9aff6d4023cb99638bf2b861b8a3c9692b77eca2c515e686c6d4
pol/kyoukai_garasu.bin,34002,24a411995102c0cce1e06ae7e2d7183f71c25347eae58a461b03f8dc76632596
pol/logan.bin,135830,70e2371d7219f3b5042ef08fa7357fc13149b7f5aa28a8b947b191694ea1d867
pol/logan_hod1.bin,29612,afb49af8255482bba2778e2b56378317e07f4bca3fcb39ef038233165879980f
pol/mol.bin,11336,5c82706f2ea0378d6f26be1867e47a24c14adf97cbd9f0e3aa1585542c39c234
pol/mouse.bin,119985,52b71df121316885c62eef9dfdb18b83ca4803228baef0433dd80e7ee4887889
pol/nment.bin,994,60a24318107f92994770caac30458ac14447c5c69e04832351951fbb30b10577
pol/owl.bin,80713,c380eea90010d9174ba77f8c2ce19e15b548501866f483dacebf02f8191bbc47
pol/player1.bin,230477,076b97ab470837b12e0592c94e2e2db17473ce4b3fa39253d990027b9c418756
pol/player2.bin,240574,e4190a41f01970ee403a07d8be4583230cbb2ec288ab3d1bbca57813cce3198a
pol/player3.bin,205857,d189d6b327c8ca9a80d132e1c9f66d43538609d9bd2be0e3f22f246bbc9c4de5
pol/player4.bin,132846,e7a5249ce945dc73dd35867e9048e66ad5f873be9e5febfd7a2df249ac96fe58
pol/player_gold.bin,115926,8c26e56a9ad0c367273bd74fb2a4dc9488cee3bf3fd6046920cc196576ee02ea
pol/pol_b6boss1z.bin,30021,bdc677aeb3e23b9415242b2d671b5481f76ec375eee0a256501973b08e204b28
pol/pol_b6boss1z_wing.bin,2442,886b616ec072f671234081350cc7e0c62fb0c7dedac3abeca63c81afda4c4a2b
pol/pol_b6boss2.bin,32008,ebf1bc8bcebde9587edda8eae0ad87c90c49da40a740c51a85161f9c33276d6a
pol/pol_b6boss3.bin,31151,cfbcc70bb2e1c11ffd40c2ebcdf920d343cf93aeff125eb0b2c2d8b64d2c940c
pol/pol_b6boss4.bin,32064,79b1bf65c8dc6465bb37854e8bc753782cf790a8a36dd313289836807035e089
pol/pol_b6boss5.bin,53481,78f0ea2894ed0e815e1d9c197f47ea7e8e937d8e75742e6c97d373937486eab1
pol/pol_bg_adv00.bin,63515,a71732ba5a25899b21964901d9d9bf3f34fd87f8f89df3a3c1a22a510a66ebee
pol/pol_bg_adv01.bin,67589,371476bfdd05572d01e6da6bae84c69dba0a7a3821324e5c10016adf8a6f1eec
pol/pol_bg_adv02.bin,36814,016c3a040f7ed2c264e0db1058a85c3e79341ccb7e93f430e233aa8d9e64015b
pol/pol_bg_adv03.bin,81832,d7f891a620d7c0721cce276457e33e8bdf5de5cbf8b3e45ff949ea39e80ba70a
pol/pol_bg_adv04.bin,3896,eb9d6a3313f188d19a72ce0a080f52457d73bcce81b05852b07e76d88962196a
pol/pol_bg_adv05.bin,15385,c1b180082081576d654f25afec8dce1228578bb118c90b583a666598e411de87
pol/pol_bg_adv06.bin,6528,d7583a515aa54791fe05eb9e526831537b43c46d4304c0d7d62dd01b6fdcfb32
pol/pol_bg_adv07.bin,35681,2bb3a8cc3aae4dbdea3b773d00101923e5317efdcf8f50d793c71862b9d3d12c
pol/pol_bg_adv08.bin,66258,0d46c9a6ac332bd2eacfd92d07826b5e83c850ef45b294dd24a546696175cb0d
pol/pol_bg_adv09.bin,59782,499136949b7e4eaf84c548b27f3d81308660243d3d4fe443ba29a0e4b37b66db
pol/pol_bg_adv10.bin,232,38c4395ece360b448ff1650382c75377030d5641c1a6b042bf5d67009e5e7a42
pol/pol_bg_adv11.bin,102269,e4ff50a3b442240b773df3912b270329da50109c70df912cf7d82c90333564b8
pol/pol_bg_adv12.bin,18781,05e6c3f72461f7e7dbeb0058e6bd12cb39da5aa72e19696a594c78002c5c8632
pol/pol_bg_adv13.bin,24060,c16f333c5aa087c18d7557c35b8dfbc84473ca67fdd21c5d3cc9c6a1a603d362
pol/pol_bg_adv14.bin,15149,28d0bd66c6bb7a7efd10292e8cc60dd4df5017f1a701a344d7f80ba87f17ed25
pol/pol_bg_adv15.bin,20341,de0ec79711130fb5d1466d8695f9b6961d16019c0d04067d7a25e5a833476035
pol/pol_bg_adv16.bin,13994,101068559e8bcb4febeb7138d820bcd3e9761547e142b6b55563431e53ae12c5
pol/pol_bg_adv17.bin,48266,42d065a7fb8721ea52dd65b044d0eee53994c23045ff79e511814f21a9b3e8e0
pol/pol_bg_adv18.bin,76351,18fdb3c68c335c8209154eadbcb4acbbb46efc1a091b3b5c225b87d07192312b
pol/pol_bg_result01.bin,74750,d7274f542793d66bc7b49d703c02279fce41ca7f1772beac1c82b46afc409e5b
pol/pol_bg_result02.bin,66621,88d172a76feaa171427008ee545fcb1c7b64f0e9c7bb8e920ff97998a1da980a
pol/pol_bg_result03.bin,9688,fce0d07529b46b5beca92bfc1a4d8b289d9e211b6a03bec09c559053bdfd9e5c
pol/pol_bg_result04.bin,52817,c766f1be14fca66318756621a55325889e86a88ff788bedea878db41a0da0fd8
pol/pol_boss1q.bin,82291,a5637f1590c9bed1bf29ebf5cca54d5f6062d0727d66c9ac0cf1b606e01195f0
pol/pol_boss1z.bin,130796,de3246d1cda7f202afee6431d42fd23f5581ea9e283a409ec50b9da016023862
pol/pol_boss1z_wing.bin,2236,551cbc50c783481ce445cc06f5a6c5f518a738ab1c5bdaaf16fb26a257cf234d
pol/pol_boss2.bin,127170,e0b14301cefda16a0f929f06a8ee3698febf847ba6e4f8a03f0b7ac525cee40c
pol/pol_boss2_hane_hod1.bin,148295,5456f9c7ee7a6b95e8a0f6f7230c792962985996124a913b7e0d61d7f9829414
pol/pol_boss2_hod1.bin,44286,5de4748ec96b1ebcff66fea8cb346399482978309b9e764c4469ff249599d449
pol/pol_boss3.bin,20001,4670c0ada48ce00e69160b4f57dd924d144fe1726f0d917a119073c298f88f36
pol/pol_boss3_hod1.bin,433037,f6d2e18b687a86e7c33475292214d1502027c5aabc3db233a7944443166d15a2
pol/pol_boss3l.bin,31908,25a1feea5d46cb62de1a9df32a30f5d1060e3a9c5b9e70fd8c6866db9797b6b4
pol/pol_boss4.bin,152586,96e07bfe1e82c401f430e9dd38a784d005d39a2c766b0b3be62e1a12f0c6bfe2
pol/pol_boss4_hod1.bin,49792,08957c00a9e3b8f6e02bc838e95b42b8a239fabf7ad970a4efe48c614cceef1a
pol/pol_boss4_hrs_hod1.bin,173882,6fd294cf384f2cd14188f7be279fd06aac5954f0b23783dc244708b65be989c2
pol/pol_boss4_kls_hod1.bin,326586,030cbf752b760924eb229a96df706852ec0bbdc1482e28553e6a20df7db87ec8
pol/pol_boss4_mls_hod1.bin,226121,d1ffc1f429249766a76bc525a5b8012ad70d32957c67d68fb4a0c43ed959449e
pol/pol_boss5.bin,687817,ac41f5c67a08819f9d27a305a20bb9dbeac6c3910674125e0120d9f15a4e4dae
pol/pol_boss5b.bin,567605,4177ab8ed1183eef1e1c99edf1e3d11c7a2122bf547bea96470645c415ed1c3e
pol/pol_boss6.bin,204653,1e7b883a3cdb937baea645f1c6ef87d6c85cce3a274ea31141dd8cc1af171c35
pol/pol_bridge.bin,49643,fc15f69f2bf6f40a48c4388407d18fbcee6257ea282bdc954d0c91ce9d2ffe8b
pol/pol_bridge_st5.bin,15653,c07d4da3349705299e68041f8b38547aa1948b68c2e7c7362e36a713d7abde74
pol/pol_buyo.bin,153744,f9d5163f30824d650a53d14f71d5298242d760611f2e76ef177eaa6e7a49390b
pol/pol_car_1.bin,86925,3e56d3fb4ff0088a05ef0d78f4331bc1533577c7021aba6ff8bc1d16f414bafa
pol/pol_car_2.bin,27638,650a2f1f7c4f78f01a6ce7eec53f1827ecf46f1559cd6f923de01d3b7dee698a
pol/pol_car_org.bin,40023,b91fc71c1bd8775498fd3bb0ce5f6c573c28f3e10d7098d4d626dc2a91a702ec
pol/pol_car_pl.bin,59055,92cb96eb578ba6f556a20e8bc1bdb8ca3b942b9b8ce960c1f787133edc98a2ed
pol/pol_cat.bin,19847,d0d386d7ea91e95763f7af80ff7b2c61b8ea1e36e1e7b6b14d0731805212f790
pol/pol_char_adv00.bin,56966,d8c582a44302718c9a3908af0f11c1ec5b6a2100c0a881e5798bd65feb29540f
pol/pol_char_adv01.bin,53654,f06a8a8decaf649395ff7d4eddb612cbd3fbb0596689c18edb54a92471073c28
pol/pol_char_adv02.bin,133348,d66fca51ac15a3b5a024e91b6731f9cddacd724f8806bfbca63f75054d1812e7
pol/pol_char_adv03.bin,232,38c4395ece360b448ff1650382c75377030d5641c1a6b042bf5d67009e5e7a42
pol/pol_char_adv04.bin,266587,aa241b2937eae71499e3ec4976e2b2d622280789202e76ac1a1fe5038596d037
pol/pol_char_adv05.bin,317425,73ff8854c2e064c24bf6a2c6fc5f5c41bdbab3e0123408caad03cbde336ed7c1
pol/pol_char_adv06.bin,135151,5099eb0721b4bfe6a92d7276cbdb7de53821206fb6104cd61ccaffc78814bb98
pol/pol_char_adv07.bin,205550,8cddfc26959d46f4351888f746287eb321d331dd2882313b334266968b90abf8
pol/pol_colo_monitor.bin,507,a4d8c77a6553beb754cc827b44115c12f65d5d33f8adc5e37546449b2f346dcf
pol/pol_common.bin,575389,bf4dfa4356017259a1c34878aa6d1de1bcc2f485c70629c5621ae6089a87746a
pol/pol_curien.bin,34229,e59846a27dd36a074761102b71c74108ed8c31249e416ce56cf5a59921386f99
pol/pol_dc_ctrl.bin,159414,1bf213e29c3c0e6f77b7aa56361ef6e58571193305acfc53ee8330583d06ee07
pol/pol_deka_musume.bin,27426,012c82f6e3061343ecf6eeab992f8a8c4481e5b5d0d9275a1b21d0ac55d1965b
pol/pol_deka_otoko.bin,36442,11f0eaaefb257df69d80205cd6498b1bab0fdced8360955e8d7cb89bb07efa61
pol/pol_dolam.bin,46421,3c6c77bccdbb3ac3ddd112bf274bb45470b85046e17d0bba98b249e34b9ec36e
pol/pol_door_1.bin,365518,cb8c7e98656d16e103ce9772f2e7582c952801b9bd9cac0c95ff0e2d142baf85
pol/pol_eff_1.bin,38028,233449102f481459ab6c52615b80e55145553b876a6342c9a641cb29481c6fe7
pol/pol_eff_2.bin,61318,0892baac2db173a986396d05e2ba226a77b50318cf6a57e30832cffb816bad8c
pol/pol_eff_3.bin,232,38c4395ece360b448ff1650382c75377030d5641c1a6b042bf5d67009e5e7a42
pol/pol_eff_4.bin,3607,d012a762ff67ab48da6a138931cdbaaacd9f8578acaed9b6210890e241c10bec
pol/pol_eff_boss3.bin,198996,0fbebb23402bdbaccf1c1879c0e20970e88eadcc6c83cdbe668e44692ed99929
pol/pol_eff_boss4.bin,232,38c4395ece360b448ff1650382c75377030d5641c1a6b042bf5d67009e5e7a42
pol/pol_eff_boss5.bin,311177,bb519cd4ec7e1b14f4e4fbc6e5cf99e8a48b71e9dae6115a579cf5222636a74d
pol/pol_eff_boss6.bin,145595,3d19672e2fa4a955089d4b1913ec8e1c85a740de318337cd02f1a1ab67aea5b3
pol/pol_eff_car.bin,6220,4601b78c80b5268b95d1b097e448e670e9a164451aee54253bdd99047273cc64
pol/pol_eff_colo.bin,12173,c272f25cf5de8c1236b409c00e573bfdba3863c8744feea15eb435e349b6c342
pol/pol_eff_dokan.bin,130622,1cc7d9cc9e249e4a609cbadea3f7a0f4d65406881a024f19b17dba4866398872
pol/pol_eff_funsui.bin,300218,d945b465d050965c29378e3e486a8be9fbb1a951f6d03309edbb752f1428fc14
pol/pol_eff_funsui2.bin,658,c612c55dd4a17b2b018909ba25de5a67d3598003d30cbaa12ff0b49283e7b8e8
pol/pol_eff_izumi.bin,4204,d0d77ced15f73cc0a01480f9feebb18dfe164f34bbe2c7fcd711bf3b5a97340d
pol/pol_eff_org.bin,270,a4493d233d435b1624a31caeb1c8ffeedcf42fe84c8cbdab9b9df1ec3996eece
pol/pol_eff_org10.bin,8377,5b809c72699fd6b96bad5e9fc10c3266af18ff5a8a0f3b42cd1c44b931d3f4ad
pol/pol_eff_org11.bin,391,6023dc6384f22951bc6e97633d5e74ac8d2c201462b248878d0d11d7d8f84793
pol/pol_eff_org12.bin,678,271ad3b30ea45f09a772ab12fa8f3afaef3234fcb01984a0d54e9ffb850b7bcd
pol/pol_eff_org2.bin,13860,c6d081986cf3915fa41ce70dea861beb9eb71777c617442b2484d1c887266aac
pol/pol_eff_org3.bin,13999,7c1a788f8ae90dddffbb602e0f3cfa12f66a14315457bba5035165f4a12c82b6
pol/pol_eff_org4.bin,518,3e796920b494dd51b3274df66214adaaac1c9a59b90cddca8f45926c51387d57
pol/pol_eff_org5.bin,519,66ce404ad2ee039c269e255e6aaf6adc3493c9675bcec2143b7854107137f4b3
pol/pol_eff_org5b.bin,389,5bb26e3edd0857dbd3ebaba2cba914db4b1b5e0266b8c3b523d691f27c755006
pol/pol_eff_org6.bin,18433,5df758be5780a2b2b13f555bc36224ae506378ea620c5049d15b627593a1ab04
pol/pol_eff_org7.bin,3963,6f5c40286ac8112f894a2a2888b02e20294263a5d33b39a7396dee7d3729ffa3
pol/pol_eff_org8.bin,4981,ca989e80b704c4fc75bd60f63e4b9e7b97eaf8f50875f87a01d42d9bd4cdd1c1
pol/pol_eff_org9.bin,63138,62f16b2d6ae30b289cae1498f480f1fc74bf0aa86a7a9c9e10b8218eb9d98ff8
pol/pol_eff_shop.bin,44151,5a2bc69a2eb8052bcf9d65230b7f2b100c54b8175253bb4261a6af1b95e70de2
pol/pol_eff_taki.bin,10772,60c294cdf61195ed467260d78cfe854c9da585f08a76ebaf2ea983f85bcfc4ea
pol/pol_etc_1.bin,270336,9d8f4561c20272b779b99b6d3e4ca4e0ca76930195b626ac2c29715721307768
pol/pol_etc_1_01.bin,8192,3c8d713d8cecafd787bb428fd825d176e333a726ebde6977c12106d2d97144cb
pol/pol_etc_1_02.bin,6144,bf584400535b69738e7a26b42f48b6fcb76af3535e0aadaa62ebc7d11d0712c5
pol/pol_etc_1_03.bin,10240,74a47da87ade5a198b3690f54bd6b11c404190d43140cffccb8b5606c31500d6
pol/pol_etc_1_04.bin,14336,fad2c34466482506c342ec40e2ae286c6ece97368e24a85042858d8a36b6964c
pol/pol_etc_1_05.bin,69632,b6ceb7d6eed2c3f25e063303f1250456853d1c2becb53e8e2272ff51105d8bcf
pol/pol_etc_1_06.bin,4096,095926197397083cecb50ef8113e7f5d12a02c630e2bab1225e647c5db2d988e
pol/pol_etc_1_07.bin,4096,095926197397083cecb50ef8113e7f5d12a02c630e2bab1225e647c5db2d988e
pol/pol_etc_1_08.bin,4096,095926197397083cecb50ef8113e7f5d12a02c630e2bab1225e647c5db2d988e
pol/pol_etc_1_09.bin,4096,095926197397083cecb50ef8113e7f5d12a02c630e2bab1225e647c5db2d988e
pol/pol_etc_2.bin,118784,839efe1a12a1406d5171fe80580c8e09048d017934d86e296e18a1bcf968c1a4
pol/pol_etc_boy_kao.bin,14336,946c081196f345f8560ff22b726248a2ba20bd2f75f7e5345eb12c50a164797b
pol/pol_etc_door.bin,28672,281c71630fec38c07e9cdcfb9df127efad58f72546489016698dbcea23f7789c
pol/pol_etc_gal_kao.bin,26624,5ba78b88d1ef32a04e68c304774a77279d593b848edadaa120571742f91aa6c3
pol/pol_etc_komono_baba.bin,14336,ee2819246f1f6434ca3bbb50a1305841dc93506d705a48b35c88136918a6e32f
pol/pol_etc_komono_boy.bin,12288,c28ee844e0b34ed622637c7d582384be1022aab1f77cbc8aba2f60a4b1395bef
pol/pol_etc_komono_buru.bin,6144,61c04fef945c7f2a88f7946c73c66a417535ee19bdcdd610ff028571b43f32bf
pol/pol_etc_komono_fem.bin,6144,9767e5a948c17415c3c4cf7d58ccc1548ae8a3f8aefdfbc698db71945f07310b
pol/pol_etc_komono_gal.bin,55296,1c7f261c8ed47c0369139a2a4c28c14d1cacc7a2ae68c9f6c9f7fa906c1cc971
pol/pol_etc_komono_garl.bin,18432,4a1f9777dcd0a593bac2a4f97fbc36832f836b4df1434b897b4d571c353d9f20
pol/pol_etc_komono_man.bin,24576,29590b4307099a2991919502e673f3a3d814fa40fdd4198e2c1e1d5f5afc125e
pol/pol_etc_komono_mario.bin,22528,05e20ea339b5ccb057876fc34065e590b1cdc6e679b483bfacbb570ff61411d9
pol/pol_etc_komono_oyaji.bin,32768,6849347428b8a67d0c66517d25e134a575f42faeb11bb53a7918d81505fdec10
pol/pol_etc_man_kao.bin,45056,26bf10c92e243f7f2b162d2b342f56f1ebdf52e22d1e685af82e09eaf2bb7d10
pol/pol_etc_oyaji_kao.bin,18432,fe7ef2f295d67cc9d5ff5ad1b1b4a92a3a73784882dfbd2405d2cd7d354dd21d
pol/pol_fish.bin,213817,f2628f6141a9d65a6700c8eb8ccf1904e50e66478263d042b8a10f12037d885b
pol/pol_frog.bin,103086,aabb08c62ce6b9533bfd4e8d8894738a3e951de3fefe8036f86edb55698b3488
pol/pol_frog_gold.bin,11663,62bc1562faa98abd34f4a74158e12256f955db42691e1f1104ea071e7dc9ec8e
pol/pol_gameover_player.bin,98564,acbd9e84bb9567a411bc8110e4836bb458a0e360d94f90d33e77debe77ff708f
pol/pol_gameover_route.bin,220,b1d875c0f16a09702559085698e428df628a890d2804d0a6f0d51dfb497cbd78
pol/pol_garasu.bin,16274,be6fe27617d0182993b22170bbf7e9f07cefa077553911e92a2440d2f5307fbc
pol/pol_harold.bin,147936,aad48dacdbc86fee3dd615ba018610ad8f071dd18e15591a655971f49f3fb402
pol/pol_hito_baba.bin,56891,7c676443fcc0d9c22d934cbb40ccb1991eb22535d8115105cb2d2b5c5ef7d0a4
pol/pol_hito_babann.bin,24756,76de31f5905e8e62ff4adaae9e875377b87ce069fe2f3ccecab17523f62b8f33
pol/pol_hito_boyaa.bin,24163,d744c5625f1bbe5fb9546cff53558ef102ae44b9d2176ede1f576ac8315ec4cf
pol/pol_hito_buru.bin,33281,5ff4c21c32b1a7ec7f7b9cdacecf17b31d31b854d79cf2798982097fa8626b03
pol/pol_hito_fem.bin,36533,96f47d41f7390543134b38c4274a7598d7440b72e73e4560d9a5a328acefcdf9
pol/pol_hito_gal.bin,25131,c06a93f6f2f04f830cfb3be0203703a28f7d520db667ed92b0292d998df9d645
pol/pol_hito_gal2.bin,26363,cdb98e7c74d7a8d671d832a26258d9adb9a242c2734d3ea79237bd47d3693877
pol/pol_hito_gal3.bin,25669,10e2550c84b5c145b679430780e626e87f57f66b212fbe68b547649706c25a13
pol/pol_hito_galaa.bin,25893,42634f95b3001353ea373b8bf164c0efe17ac0d58bf128db65dc2a4ee762ec41
pol/pol_hito_galjk.bin,28209,f0c77c777a493d28b419bef155f43f1c983ff8b54783ba0df7056064c1d3a3a1
pol/pol_hito_galjkaa.bin,30529,7238f4a1819818c4f3e357a25d19c03b97d3b0fc346be2e156248acfaae88e27
pol/pol_hito_garl.bin,25615,47a5ed5556f11a0c493ad8f6509e06a10fa54cb883191e8be3dbf42722ddbd3b
pol/pol_hito_garl2.bin,25861,19fdbf8c297a3895878b7aeb2a4f1328e1ac378415461cd0264f2aeb01ae14d9
pol/pol_hito_kao_baba.bin,224788,a08d9976a3365315e5eab66ae068608092ec044dff17fb10e59f0868ef3d0596
pol/pol_hito_kao_boy.bin,71177,667d151070ad95ace2860440cd52392b63444f430732c2dc672691a2a972fb7a
pol/pol_hito_kao_gal.bin,115118,7721bda4733e881cfd39e41c8944c6b2029739208f8f6d3d952d1e7455564d7a
pol/pol_hito_kao_garl.bin,31891,da4470baf40b17e50cbcaa16e6915c6bd8e29c1259bb02f71bb0e9e4fac48051
pol/pol_hito_kao_man.bin,144480,71caf8e46cdc675769ca8f78b1fb88decde8affdff16197164b2e24615d82172
pol/pol_hito_kao_mario.bin,180943,fe2242fde6e05b0c3d0c924ee3f3f7004ffd9dac699cc2594eb6f11af189b7f9
pol/pol_hito_kao_oyaji.bin,115939,c21f831f41cd76183a9a7cf835727ba7434cdeaa6f060293ff6c3ec3aaf9b028
pol/pol_hito_man.bin,34488,872e86b3d898dfa1bb3fd04ce0acc00677b8c52db0c743854f371d3c6a223c80
pol/pol_hito_man2.bin,30953,a5bc67a24bea93218598f1430c13e764d88a247fddc7409538981364f50c8dfc
pol/pol_hito_manbest.bin,34307,3dcaad80a13df6c492089214d5b89ec24015c10cc111ebac6c2ae6dd249ba6bf
pol/pol_hito_mario.bin,39199,47b74822ae556c530d0c00aa7b7a6760e5995a59858a81b800d7b9132aacbbfc
pol/pol_hito_mario2.bin,31335,4e4e88360d24b1b9fdc50885541ca10622563aed66b7e2746c02231c67455fa7
pol/pol_hito_marioaa.bin,33625,fa17ba053160c64e88f6c605b042ccd4a66ac204a1901e29df203e19b7702cca
pol/pol_hito_oyaji.bin,40445,2049c80b247da1aa4e33df709721abb951133d1c44dd51e72dfda452d56cf936
pol/pol_hito_oyaji2.bin,26750,ec9726fba8c29227e849663b2c6dd64029a83b8dd102f813b143df657d439c29
pol/pol_hito_oyajiaa.bin,24492,3df9f8e5660910cab44a362e74ab636c89af32c3230035f5bed02aec9fae7ae8
pol/pol_hito_oyajisagyo.bin,25209,6c797ea4ca4f3487dd7e46a2288663216fd0001d7771183188fd6def3ce8e416
pol/pol_hitoc.bin,34129,b08ca99c8b4c782a7838d9ae29a73fb9acdb36085f2de92e635ab60e659596bf
pol/pol_hou.bin,110214,c4cd399f305327d75e9a732766a6aa11563223ca8bee904baad44ef61c408ea2
pol/pol_hou_hod1.bin,27394,cb5774c2538cdff258f06a7edea082324a0234bc298743e679b5cb4e4e3006a5
pol/pol_item_dia.bin,7878,f77fd6f269f929ed07c72ed2c928a1d3adfc6b5aa3d392d3e4a51327bed0ee97
pol/pol_komono_1.bin,9761,e831d174925256c80de7d21cd6677bddb9b49bc57d152e6b0406d19048f2331b
pol/pol_komono_2.bin,22318,0d0238804539a723bf85dd2db967d9b6e406c101c13af7bf2deba3886b0f6463
pol/pol_komono_3.bin,35220,4b9d0b02743628bf0f7472c6ba5f19e4870a1d32673f46b59683985bbbe7ac5e
pol/pol_komono_4.bin,232,38c4395ece360b448ff1650382c75377030d5641c1a6b042bf5d67009e5e7a42
pol/pol_komono_5.bin,18889,86727e20dd4f26c9701d95890d5380b88a877d267356eb57c3a7326256d1baef
pol/pol_komono_6.bin,7314,a5aab196518e1d66ba39252aada452c8c1407cece3c1772935ad3d3366e4440f
pol/pol_komono_7.bin,13184,1b4531a39a1d2bb1d3c1f74ce37e47bdf5423d8427c97f3a592b3b5ffe9a38eb
pol/pol_komono_8.bin,232,38c4395ece360b448ff1650382c75377030d5641c1a6b042bf5d67009e5e7a42
pol/pol_komono_anna.bin,9842,2117d9d300afb7a43a047cba2d8540dc281200cbf5b6f77c464d59f7bf5314f4
pol/pol_komono_bar.bin,22906,8a82bd94e3af455429a819bfdc40dccb1b5de525f931a29160c11d60e08ef5b7
pol/pol_komono_barmae.bin,7555,25a64d2a58add404068763594fbdff0dd8623aeedc6f9362289d5809c8423303
pol/pol_komono_boat.bin,17787,296a9ac6b9f7ff97827f05128a2d49a289f054f314c468dfba211e8def022f28
pol/pol_komono_boss2.bin,6274,68c4cabe31fd76cfd20de166486c9275fb4d5c64e9116c09aeafea7779d6f385
pol/pol_komono_ido_oke.bin,26566,5c4692136cbfb3a2780227a9dabd2aeea719bef3e2fdc13145433d450a77331c
pol/pol_komono_kanban.bin,2535,ca7f36f9b82ab97e688b1cbe7061968cd07e80b1c916801b35593726ef257fee
pol/pol_komono_room.bin,34772,eb3e7bfb42af327886bf5d1bed9c1b25e65ca1151dd5fc86b36496a613476c7c
pol/pol_komono_shop.bin,1710,e8336d4608a17ff4e49cfd0f060d8b80a36853f4d212f8ef7713eb1fdfada53a
pol/pol_komono_shop2.bin,2508,40f8f6e9e6a11fe911156b0b0266de7555baffa1f22df9ed021eec32a9881bdd
pol/pol_komono_souko.bin,10286,11db0c0eae4151e2658d78af47c7a8d31694a0235a068edcc8b4241e7e203784
pol/pol_komono_st1.bin,23247,d2c09a7e907f2836c6e9ea439e934ffe2e76cde9db7f3bbfc1288b559370fe1f
pol/pol_komono_st1b.bin,9018,0855d17c822aad1b65c5b0049b15764eba4875ed2e8a1c4de799984534141a4e
pol/pol_komono_st2.bin,232,38c4395ece360b448ff1650382c75377030d5641c1a6b042bf5d67009e5e7a42
pol/pol_komono_st4.bin,16503,042a065ef87e4931bc3b54ea65ea2e15e771c2cb3ab55a9cd73606f5c474fbc1
pol/pol_komono_st6.bin,34120,67004c83c2f4098870d82c9872f0c3fa90b606ef2ff2b3264b9fe265ac2cb33c
pol/pol_komono_suimon.bin,10620,173975645335c36634edb9c92817c5856d3b95698661cf697c27b9beefa71155
pol/pol_komono_suimonie.bin,18479,743f2cec8a69fd43dd6f17092cffa3be2f63655455472f99fc93509289bbd4c1
pol/pol_komono_title.bin,1587,4851f875672543dd42ab3c60066e8a87c6b7a338e59bc84a7c048b2fe2ff1b08
pol/pol_komono_tokeidai.bin,9531,594ef1841980e0771a4a78d5fe749ba650b91a8c8d101d87c3ded073748533c5
pol/pol_komono_uemiti.bin,3574,b2728ae76542672b7e981ea4b798c9f9e1431c9309bd6cfbee7ad632adeee916
pol/pol_komono_unga.bin,7005,5073dd375a2742f0ab80a908ccca4dce4a6a6b20f1c7c607c96f1a4c2603ca72
pol/pol_komono_venis.bin,5366,daddf35a6efe9aff6d4023cb99638bf2b861b8a3c9692b77eca2c515e686c6d4
pol/pol_kyoukai_garasu.bin,34002,24a411995102c0cce1e06ae7e2d7183f71c25347eae58a461b03f8dc76632596
pol/pol_logan.bin,135830,70e2371d7219f3b5042ef08fa7357fc13149b7f5aa28a8b947b191694ea1d867
pol/pol_logan_hod1.bin,29612,afb49af8255482bba2778e2b56378317e07f4bca3fcb39ef038233165879980f
pol/pol_mol.bin,11336,5c82706f2ea0378d6f26be1867e47a24c14adf97cbd9f0e3aa1585542c39c234
pol/pol_mouse.bin,119985,52b71df121316885c62eef9dfdb18b83ca4803228baef0433dd80e7ee4887889
pol/pol_nment.bin,994,60a24318107f92994770caac30458ac14447c5c69e04832351951fbb30b10577
pol/pol_owl.bin,80713,c380eea90010d9174ba77f8c2ce19e15b548501866f483dacebf02f8191bbc47
pol/pol_player1.bin,230477,076b97ab470837b12e0592c94e2e2db17473ce4b3fa39253d990027b9c418756
pol/pol_player2.bin,240574,e4190a41f01970ee403a07d8be4583230cbb2ec288ab3d1bbca57813cce3198a
pol/pol_player3.bin,205857,d189d6b327c8ca9a80d132e1c9f66d43538609d9bd2be0e3f22f246bbc9c4de5
pol/pol_player4.bin,132846,e7a5249ce945dc73dd35867e9048e66ad5f873be9e5febfd7a2df249ac96fe58
pol/pol_player_gold.bin,115926,8c26e56a9ad0c367273bd74fb2a4dc9488cee3bf3fd6046920cc196576ee02ea
pol/pol_ranking.bin,1446,b0b1abebaae49f9f76a16e4fcf9d2fac5535ff27b3b2ec3e893ac9b9021198eb
pol/pol_rating.bin,251,db32053ff7f888c868289536b7435b5793b7ad73f00b5f66386ff90fe192b740
pol/pol_result.bin,450,0f350e83800ccaa85e1b73b8c1dc031b4f458e2235e4637929db7fbf5ae11a7e
pol/pol_samson.bin,47854,b7db714a10f5c23bda69823aea3b8600189e0d5d07ee3d6b45b92b208a22b7fc
pol/pol_sanbasi.bin,107903,cb349151c23526d3bac8e1892c0bda06366de0d7e16c184f12db7f04c56b4792
pol/pol_st1_01.bin,251904,69558ab5ebe9af146ba532a261e4debe6cff31823cdfb20f3e59ffb23e74e004
pol/pol_st1_01b.bin,53248,05bace114bdf547caa33e0fa976136651931166b6d763e1ba11d836e1ad30526
pol/pol_st1_01c.bin,147456,6ad5985ec0e17f239bf90f46448c8cea8b09b8699467969e9172ce7719ee7b27
pol/pol_st1_02.bin,212992,b565c6fb9ab7628ad9971e5033e6c3ab8c978cc259568e73d404d84e0399a30d
pol/pol_st1_03.bin,1107968,c30c1efc675c7a4dd2bfff02de74658a3360fbb9d4d520736c3dfec527810a5a
pol/pol_st1_03b.bin,227328,4c1d7c7b55cf247331320d858701bcff1d4fc99f6c99d02ad2051cbc8a88a3f2
pol/pol_st1_03c.bin,131072,60c2caf428ceb7c68c6566ead2015d57d2358c6f5b9ffaaf46c57684a3dc15d1
pol/pol_st1_04.bin,163840,4356e2c2031dea6f662f70f911c35a8af2f1ed19255d9ff400a1f011473c25e3
pol/pol_st1_04b.bin,284672,f41075d48c38f507c19489149b3ac1b98c92faa55093dfbddfd31afb1cc5cac5
pol/pol_st1_04c.bin,174080,2e97ca383d3be544cdfc79a38318dc7820edee97442551051e275937e9ed1797
pol/pol_st1_05.bin,108544,14404666ef36b077bb6a99d4e4291a183d7d7b2aaf8011d00738499b860e04bb
pol/pol_st1_1.bin,776192,59d468f9d8367e38fd488468b253dab4a5627f583fef8251b765adccba12f16e
pol/pol_st1_1b.bin,153600,f46429af2aa74fd522fb14a803ccdc9c7254dd21f5ae3b4be4148ad1d04435f3
pol/pol_st2_01.bin,40960,5cb8861d484147fbb37a38f52fec4291b5cb344f95d4e5b8722d46e4157e3425
pol/pol_st2_02.bin,253952,d5cafed37939d068665e4ab835a95c3a7392ba0cfdad6b033e496410c65dfac1
pol/pol_st2_02b.bin,77824,2109952ae234ee46b13beaef2bb166288078b0067f36f861d5e001a41cc20058
pol/pol_st2_03.bin,456704,f194d11ece58f8b9575fd938a581fb5d09fd786c9b00ea0f8d4f45ba05ce6801
pol/pol_st2_04.bin,169984,cbfb86cd95791ac733a8bf24e94617333b4d255f497f5299935db25f29150d8f
pol/pol_st2_05.bin,169984,0362e0b01e46b77d3478e4327cb64b8769fc90e23f1df35d7d4243b1c1b0518f
pol/pol_st2_06.bin,391168,5239f67a4a79527581188c730d32b7163f19cbd7c82b0724d69063aa42d32920
pol/pol_st2_06b.bin,63488,56c645ac90ac3c9d1815372091129d6313142c0fde99058c7940aed1ebef71bb
pol/pol_st2_06c.bin,106496,52e297a37148ca502044f3cd8c16b535e9291708d664986936b7fbdf3915438b
pol/pol_st2_07.bin,2009088,2168b5132b028fba89648a2ae8aab74fdaa3595f92b3e6d5486ce528f92c974f
pol/pol_st2_08.bin,368640,1a21281631552c7574e5ac4f7944b5aecf721308d9e803001fd5681c3c5f1f4a
pol/pol_st2_09.bin,10240,b432175ddadef30ea02c793f566904bb570a96aa05dd6cc6e102796bd68d5d73
pol/pol_st2_10.bin,157696,8819f856e551a900ac92c7b7eca2832a38bfe3c39577dca5e5369a4f05c97e67
pol/pol_st2_11.bin,102400,ac47670c85e43825e2e91774cceb8102ebcaf56dc343c2d191e7b75faf3a154d
pol/pol_st2_11b.bin,114688,fafd99486145c5deeee1cad19e754b5584142efa2163e0665b5757a0d7b914d9
pol/pol_st2_12.bin,231424,06701cef8328a8ab8d3e08f8fe9c2b5e815e6b6bb59b4a08c0eb1e0d698042d9
pol/pol_st2_13.bin,249856,1239706cba870c5e1e8408f4eee71271d8293c7c6d9db7ce7861e5f5b7e26909
pol/pol_st2_14.bin,247808,6e5791a8101a46e86783a2e036d390470fec947544648551f3645b5349a58f2f
pol/pol_st3.bin,22528,da97ee38b38c8b1ae42f45a6e9dc30665696f7eae7e1d78ed95be98ca5f3c373
pol/pol_st3_01.bin,1083392,1b4dd5e0ac91a0eb3166e0ab076c8620634d940d5cf9e8f93294f94a968dfcb3
pol/pol_st3_02.bin,364544,99a165640a8d68ec624f20411785b7b6ce08b3ed420752c21e668fba258a57b2
pol/pol_st3_03.bin,149504,8dc0a20f0c9ce31f47ac4fd01bb522c8f2697e30ba47d3bec99f45a8977b5eed
pol/pol_st3_04.bin,479232,b8ead1516eb86699f07c04e9d1fd863f6f5f03df58ce33745896692af7b2af8b
pol/pol_st3_05.bin,71680,26370898e340577902ad63b571812accebe3a7c933769a0b6eb237aadd67b394
pol/pol_st3_06.bin,167936,d48360447b7ced72f58def34180cc4c7fdbe85ed05b37be29ed24179cc05f9fb
pol/pol_st3_07.bin,26624,b3403bbb6f75a71275bf867220681f4a3854c5040bc50d45c6c2a7dec1470bbe
pol/pol_st3_08.bin,1595392,ec40c5f85b6aeefdba3d1e698e452baa7521a2628eb2b80607d757c77ba1d75d
pol/pol_st3_tika_bos.bin,6872,f9659e7e5b39334a57462eb114c61bb8fc3c360ac4e1ef9a6541d7ba3117cba1
pol/pol_st4.bin,4096,095926197397083cecb50ef8113e7f5d12a02c630e2bab1225e647c5db2d988e
pol/pol_st4_01.bin,507904,116343b9cf56addde8935131ced85562b2fe825fe48eb63015a3d57078a49a60
pol/pol_st4_02.bin,565248,31a30bfd285c1355b86c361d5d823a70332181ecf8a9a4a2bb71a3601eb4b859
pol/pol_st4_03.bin,249856,d4a08ba14d7783e4b12bceaac3d8e0c2abfaf431b39a43b84b85addfa6716897
pol/pol_st4_04.bin,51200,11bd1834520634dcb56fa387652ccf37cfd17faee7420a23844e6d0d39e11332
pol/pol_st4_05.bin,352256,61497d4b299df1e582f8f3d54f755f04f538dfeb6b27bd0c9c672d47d9a2f278
pol/pol_st4_06.bin,923648,256fe2da686ec8bc0898762b056c47cef096557ed81548b5ce7225189772ffdf
pol/pol_st4_07.bin,415744,6e0976cca736133bba2d061516fd926ce42afb98dc6b9fbb550a4dc45caedc30
pol/pol_st4_08.bin,458752,0ce3ae9506c53cd7acb5de11b98a52b16465f10f5d21b619feddbf82471b3c7c
pol/pol_st4_09.bin,567296,ccabd7e03f978bdca4c3a683c425f81096b642a2e6ef969cae6e19a5ecf588dc
pol/pol_st5.bin,1196032,8614a140e301053d82fdec7587b3d0ba3d1b224f7ffa50ce8a0634c2be3840b4
pol/pol_st5_01.bin,813056,8bbcb76c6ace834b98cbb31179dd146ace1838f1b05efac8f33c60631944ae79
pol/pol_st5_01b.bin,30720,1434695f4272843a89878da85caa80844d6755b7994935ab8c374b6ad8649aeb
pol/pol_st5_02.bin,40960,feb0b85188abe1a3b2b178bfe6ce4c10fee1306008f8fd8bb34cb9f19635245e
pol/pol_st5_02b.bin,235520,05b0fce6f4af62af8dc17a5ba1d096796e922ca9560c356893b2780a1ca4a197
pol/pol_st6_01.bin,1214464,77190eab8899d31935e00a8840bda43581f8e8313adabdf85b9c771e7aba2936
pol/pol_st6_01b.bin,1136640,bbbdd27a615ffa93a6de18c81087baa98c24a7ecee8d12790826a2144fa0b3cb
pol/pol_st_adver.bin,4096,095926197397083cecb50ef8113e7f5d12a02c630e2bab1225e647c5db2d988e
pol/pol_st_adver00.bin,4096,095926197397083cecb50ef8113e7f5d12a02c630e2bab1225e647c5db2d988e
pol/pol_st_adver01.bin,192512,0025654002b114cef01c74170c198e31f7e719c099d5fcc522c9235b2ae99f34
pol/pol_st_adver02.bin,155648,374a21a29d8ede18106631293c2358319490feceddcd4da218a7c22c2f344e2e
pol/pol_st_adver03.bin,155648,a9bf4c0599794624ebe6a4e921bc7d00a403b9be01fd62abcaf5b24514c09b4e
pol/pol_st_adver04.bin,149504,60a7690873d515fc2bd5759bf45132a972255d9773ec0d5888b8d9e8326b2a08
pol/pol_st_adver05.bin,4096,095926197397083cecb50ef8113e7f5d12a02c630e2bab1225e647c5db2d988e
pol/pol_st_adver06.bin,4096,095926197397083cecb50ef8113e7f5d12a02c630e2bab1225e647c5db2d988e
pol/pol_st_adver07.bin,4096,095926197397083cecb50ef8113e7f5d12a02c630e2bab1225e647c5db2d988e
pol/pol_st_adver08.bin,4096,095926197397083cecb50ef8113e7f5d12a02c630e2bab1225e647c5db2d988e
pol/pol_st_org00.bin,200704,f8b7a799b5bac416f76d563062c6d1a9b70782120ed24f35023356416b41f4a2
pol/pol_st_org01.bin,221184,97657abb229768b9114d650687d1c52c05973f3397a7bc44e2449b319aace824
pol/pol_st_org02.bin,921600,65bd197486e9522c00e91f1163e07489b9d55063b9cfed2b9e9c1ac8718a2da1
pol/pol_st_org03.bin,182272,8acf6bcf7f5d63da59ec80139c59301335a5a73dff8b92b689d2b99f5a4126fa
pol/pol_stage1.bin,2485,f64283bdc4055a308335348d45dc8b4c9b3a99034d1d0ba161714d43c84b0c92
pol/pol_stage2.bin,1040,d0a2e289f7f86f30cff64a26e223c6b744a2cec04fe7b2084ea6c4980fc8652f
pol/pol_stage3.bin,1040,d0a2e289f7f86f30cff64a26e223c6b744a2cec04fe7b2084ea6c4980fc8652f
pol/pol_stage4.bin,1040,d0a2e289f7f86f30cff64a26e223c6b744a2cec04fe7b2084ea6c4980fc8652f
pol/pol_test_1.bin,400979,402a6572b110e36dd930dbda548213cd8bbd91609ab8181fda2d5e090caf35f5
pol/pol_test_2.bin,232,38c4395ece360b448ff1650382c75377030d5641c1a6b042bf5d67009e5e7a42
pol/pol_test_3.bin,284161,277842071e081a2763dd612132d29488019431ae263b83f041ef80ba1a44b960
pol/pol_tokei_gear.bin,57694,21dbb2dbfbdaf5242a5187ac1637001c9e260d42187698d23977069e3fea362e
pol/pol_tutorial.bin,71787,ca63ef7b02b177032e124f27a2c155c0d75ac8d56b2b513a648b1a664b998a9d
pol/pol_tv.bin,369,38a0feb1159c08377ddbd718f7bdee95890de314a197d2f4eb51b89fb62b95eb
pol/pol_water.bin,91265,1696359d8fa2eda3f4a998b64821625ab31043b2865536323bb61207379476ae
pol/pol_water_boat.bin,21469,e2cfcb6d15e24dcc3fe4d6e11e8479441e98d98f2e47dd1a55bab8d736f7122d
pol/pol_water_hamon.bin,131675,9a29096599a99815ee3d403542d410e98daa6a49f525fc9461ca2dbd0aab4b23
pol/pol_zabat.bin,4161,03aa2b71dd67541a9ef5c39fa969cc7f0ad300441c806dd84b95766ef76369bf
pol/pol_zabat_hod1.bin,8778,c3e1489c4fd26c0ee8eeb61ec58e9cb9edcdd48d3b7a58eeaebcd30272abdd01
pol/pol_zabat_wing.bin,2235,a7fa404c381af8b904dd95fe8ad7e52864cd4737a0da1e991be8ab511ce3744a
pol/pol_znassb.bin,74521,e5d814d472fe8838e801d0ae0ceae47c17a6219c872be9f7ba5ede71e1408c61
pol/pol_znchain.bin,139932,a3dac1053270d36e6c51d4a26b556d6b6f70baa40928d94f8311b4e69902613f
pol/pol_zndina.bin,25119,fae536801f8da4769890234017c43e552ca5b231fa721c913b13891776331b38
pol/pol_znebi2.bin,52467,9e310a19e08177755d347bc266dc3b58487cbcc0ec8c5a883f3c7a214319c9f4
pol/pol_znebi3.bin,49957,7b34c76dd63db3954d28f25a986aaaf4cfc11801eb1097a23aee86c40b6d9fe2
pol/pol_znebi4.bin,49957,7b34c76dd63db3954d28f25a986aaaf4cfc11801eb1097a23aee86c40b6d9fe2
pol/pol_znele.bin,29031,42527d24e24dc6d3266aa965f13ffd0b57158bd7752fd54e489f779f20b56c24
pol/pol_zngold.bin,34631,1f647a29edf3db412bc2a91ce2d81d0696500ab9d6a2417e2674cce18926a602
pol/pol_znjikken1.bin,18109,d216ba16681c3eb07974f07619f920976357f30819f51b5f24ea0098766005e0
pol/pol_znjoe.bin,409027,e5c39577cf8b22645f0adf1154adb814d00d336383eebe789ed6caa64a28a7b6
pol/pol_znkage.bin,18553,505b8064c173449a9e35d228a1f7227cc0cbede8a223ad9cfcde4033280ff2d3
pol/pol_znkage_dam.bin,83167,8374de98a73ff916c0af1d2b59c6daea9c742fae1ccb5db89067dcf78519cbd4
pol/pol_znkager.bin,63719,5af482c57b6776169ce35b010d7092d3d4a99f31338784ba5f557b3810e6c9c1
pol/pol_znkagex.bin,248585,cd54a17974d54a0cda01ec7ca8ce0f9a674cdde62ae83637008dd107641bdefe
pol/pol_znken.bin,62685,bb17558d392cf28141b868792a79b7e4ce26d401cfb9f8894e63664a5c9a1699
pol/pol_znnick.bin,64432,e1b842c588d49897640739191a92893cb420f5bb358b2b8b2bcaec595ba08353
pol/pol_znnickb.bin,63980,9402023b905357a4818e3bd4dc895df84a55fa5b79bf19e634b25d6cd638b784
pol/pol_znonoo.bin,71053,0266c35a633a42ab297234ea5b551cbd6026c7bee965a3969bb4c812fddd1cb9
pol/pol_znonoopa.bin,79694,cee541bacbb8b89a750503694fadf0e6dafb8d333c2d2bc6722a114a4d1773d3
pol/pol_znsam2.bin,139300,4257446079d0d9689bcff5cbf757cd830a04ca98b78fb6b66ac5d51d12753da4
pol/pol_znsam2b.bin,64694,b31a900ff2daf908718af3baad8a87f55654e04c76a4f676ecdb787041ed5d53
pol/pol_zsass.bin,79084,e153796c6b6131065d6779a7cf4a50cbc369aa6410d908ff3d4de4d98e8553b8
pol/pol_zskamere.bin,87446,7c62d20aaa250ea606604dc3968d3103cb61b254afe3a9a4fd50359eec6f4bb4
pol/pol_zslman.bin,32614,76e0d8d8d91184edefe438e705569eb0d664f268b0877d26281c3d85b49794aa
pol/pol_zstin.bin,295694,342df2b2def93dcfb888304f370babe57cffe7ed966316f140b574fd9ab38071
pol/ranking.bin,1446,b0b1abebaae49f9f76a16e4fcf9d2fac5535ff27b3b2ec3e893ac9b9021198eb
pol/rating.bin,251,db32053ff7f888c868289536b7435b5793b7ad73f00b5f66386ff90fe192b740
pol/result.bin,450,0f350e83800ccaa85e1b73b8c1dc031b4f458e2235e4637929db7fbf5ae11a7e
pol/samson.bin,47854,b7db714a10f5c23bda69823aea3b8600189e0d5d07ee3d6b45b92b208a22b7fc
pol/sanbasi.bin,107903,cb349151c23526d3bac8e1892c0bda06366de0d7e16c184f12db7f04c56b4792
pol/st1_01.bin,251904,69558ab5ebe9af146ba532a261e4debe6cff31823cdfb20f3e59ffb23e74e004
pol/st1_01b.bin,53248,05bace114bdf547caa33e0fa976136651931166b6d763e1ba11d836e1ad30526
pol/st1_01c.bin,147456,6ad5985ec0e17f239bf90f46448c8cea8b09b8699467969e9172ce7719ee7b27
pol/st1_02.bin,212992,b565c6fb9ab7628ad9971e5033e6c3ab8c978cc259568e73d404d84e0399a30d
pol/st1_03.bin,1107968,c30c1efc675c7a4dd2bfff02de74658a3360fbb9d4d520736c3dfec527810a5a
pol/st1_03b.bin,227328,4c1d7c7b55cf247331320d858701bcff1d4fc99f6c99d02ad2051cbc8a88a3f2
pol/st1_03c.bin,131072,60c2caf428ceb7c68c6566ead2015d57d2358c6f5b9ffaaf46c57684a3dc15d1
pol/st1_04.bin,163840,4356e2c2031dea6f662f70f911c35a8af2f1ed19255d9ff400a1f011473c25e3
pol/st1_04b.bin,284672,f41075d48c38f507c19489149b3ac1b98c92faa55093dfbddfd31afb1cc5cac5
pol/st1_04c.bin,174080,2e97ca383d3be544cdfc79a38318dc7820edee97442551051e275937e9ed1797
pol/st1_05.bin,108544,14404666ef36b077bb6a99d4e4291a183d7d7b2aaf8011d00738499b860e04bb
pol/st1_1.bin,776192,59d468f9d8367e38fd488468b253dab4a5627f583fef8251b765adccba12f16e
pol/st1_1b.bin,153600,f46429af2aa74fd522fb14a803ccdc9c7254dd21f5ae3b4be4148ad1d04435f3
pol/st2_01.bin,40960,5cb8861d484147fbb37a38f52fec4291b5cb344f95d4e5b8722d46e4157e3425
pol/st2_02.bin,253952,d5cafed37939d068665e4ab835a95c3a7392ba0cfdad6b033e496410c65dfac1
pol/st2_02b.bin,77824,2109952ae234ee46b13beaef2bb166288078b0067f36f861d5e001a41cc20058
pol/st2_03.bin,456704,f194d11ece58f8b9575fd938a581fb5d09fd786c9b00ea0f8d4f45ba05ce6801
pol/st2_04.bin,169984,cbfb86cd95791ac733a8bf24e94617333b4d255f497f5299935db25f29150d8f
pol/st2_05.bin,169984,0362e0b01e46b77d3478e4327cb64b8769fc90e23f1df35d7d4243b1c1b0518f
pol/st2_06.bin,391168,5239f67a4a79527581188c730d32b7163f19cbd7c82b0724d69063aa42d32920
pol/st2_06b.bin,63488,56c645ac90ac3c9d1815372091129d6313142c0fde99058c7940aed1ebef71bb
pol/st2_06c.bin,106496,52e297a37148ca502044f3cd8c16b535e9291708d664986936b7fbdf3915438b
pol/st2_07.bin,2009088,2168b5132b028fba89648a2ae8aab74fdaa3595f92b3e6d5486ce528f92c974f
pol/st2_08.bin,368640,1a21281631552c7574e5ac4f7944b5aecf721308d9e803001fd5681c3c5f1f4a
pol/st2_09.bin,10240,b432175ddadef30ea02c793f566904bb570a96aa05dd6cc6e102796bd68d5d73
pol/st2_10.bin,157696,8819f856e551a900ac92c7b7eca2832a38bfe3c39577dca5e5369a4f05c97e67
pol/st2_11.bin,102400,ac47670c85e43825e2e91774cceb8102ebcaf56dc343c2d191e7b75faf3a154d
pol/st2_11b.bin,114688,fafd99486145c5deeee1cad19e754b5584142efa2163e0665b5757a0d7b914d9
pol/st2_12.bin,231424,06701cef8328a8ab8d3e08f8fe9c2b5e815e6b6bb59b4a08c0eb1e0d698042d9
pol/st2_13.bin,249856,1239706cba870c5e1e8408f4eee71271d8293c7c6d9db7ce7861e5f5b7e26909
pol/st2_14.bin,247808,6e5791a8101a46e86783a2e036d390470fec947544648551f3645b5349a58f2f
pol/st3.bin,22528,da97ee38b38c8b1ae42f45a6e9dc30665696f7eae7e1d78ed95be98ca5f3c373
pol/st3_01.bin,1083392,1b4dd5e0ac91a0eb3166e0ab076c8620634d940d5cf9e8f93294f94a968dfcb3
pol/st3_02.bin,364544,99a165640a8d68ec624f20411785b7b6ce08b3ed420752c21e668fba258a57b2
pol/st3_03.bin,149504,8dc0a20f0c9ce31f47ac4fd01bb522c8f2697e30ba47d3bec99f45a8977b5eed
pol/st3_04.bin,479232,b8ead1516eb86699f07c04e9d1fd863f6f5f03df58ce33745896692af7b2af8b
pol/st3_05.bin,71680,26370898e340577902ad63b571812accebe3a7c933769a0b6eb237aadd67b394
pol/st3_06.bin,167936,d48360447b7ced72f58def34180cc4c7fdbe85ed05b37be29ed24179cc05f9fb
pol/st3_07.bin,26624,b3403bbb6f75a71275bf867220681f4a3854c5040bc50d45c6c2a7dec1470bbe
pol/st3_08.bin,1595392,ec40c5f85b6aeefdba3d1e698e452baa7521a2628eb2b80607d757c77ba1d75d
pol/st3_tika_bos.bin,6872,f9659e7e5b39334a57462eb114c61bb8fc3c360ac4e1ef9a6541d7ba3117cba1
pol/st4.bin,4096,095926197397083cecb50ef8113e7f5d12a02c630e2bab1225e647c5db2d988e
pol/st4_01.bin,507904,116343b9cf56addde8935131ced85562b2fe825fe48eb63015a3d57078a49a60
pol/st4_02.bin,565248,31a30bfd285c1355b86c361d5d823a70332181ecf8a9a4a2bb71a3601eb4b859
pol/st4_03.bin,249856,d4a08ba14d7783e4b12bceaac3d8e0c2abfaf431b39a43b84b85addfa6716897
pol/st4_04.bin,51200,11bd1834520634dcb56fa387652ccf37cfd17faee7420a23844e6d0d39e11332
pol/st4_05.bin,352256,61497d4b299df1e582f8f3d54f755f04f538dfeb6b27bd0c9c672d47d9a2f278
pol/st4_06.bin,923648,256fe2da686ec8bc0898762b056c47cef096557ed81548b5ce7225189772ffdf
pol/st4_07.bin,415744,6e0976cca736133bba2d061516fd926ce42afb98dc6b9fbb550a4dc45caedc30
pol/st4_08.bin,458752,0ce3ae9506c53cd7acb5de11b98a52b16465f10f5d21b619feddbf82471b3c7c
pol/st4_09.bin,567296,ccabd7e03f978bdca4c3a683c425f81096b642a2e6ef969cae6e19a5ecf588dc
pol/st5.bin,1196032,8614a140e301053d82fdec7587b3d0ba3d1b224f7ffa50ce8a0634c2be3840b4
pol/st5_01.bin,813056,8bbcb76c6ace834b98cbb31179dd146ace1838f1b05efac8f33c60631944ae79
pol/st5_01b.bin,30720,1434695f4272843a89878da85caa80844d6755b7994935ab8c374b6ad8649aeb
pol/st5_02.bin,40960,feb0b85188abe1a3b2b178bfe6ce4c10fee1306008f8fd8bb34cb9f19635245e
pol/st5_02b.bin,235520,05b0fce6f4af62af8dc17a5ba1d096796e922ca9560c356893b2780a1ca4a197
pol/st6_01.bin,1214464,77190eab8899d31935e00a8840bda43581f8e8313adabdf85b9c771e7aba2936
pol/st6_01b.bin,1136640,bbbdd27a615ffa93a6de18c81087baa98c24a7ecee8d12790826a2144fa0b3cb
pol/st_adver.bin,4096,095926197397083cecb50ef8113e7f5d12a02c630e2bab1225e647c5db2d988e
pol/st_adver00.bin,4096,095926197397083cecb50ef8113e7f5d12a02c630e2bab1225e647c5db2d988e
pol/st_adver01.bin,192512,0025654002b114cef01c74170c198e31f7e719c099d5fcc522c9235b2ae99f34
pol/st_adver02.bin,155648,374a21a29d8ede18106631293c2358319490feceddcd4da218a7c22c2f344e2e
pol/st_adver03.bin,155648,a9bf4c0599794624ebe6a4e921bc7d00a403b9be01fd62abcaf5b24514c09b4e
pol/st_adver04.bin,149504,60a7690873d515fc2bd5759bf45132a972255d9773ec0d5888b8d9e8326b2a08
pol/st_adver05.bin,4096,095926197397083cecb50ef8113e7f5d12a02c630e2bab1225e647c5db2d988e
pol/st_adver06.bin,4096,095926197397083cecb50ef8113e7f5d12a02c630e2bab1225e647c5db2d988e
pol/st_adver07.bin,4096,095926197397083cecb50ef8113e7f5d12a02c630e2bab1225e647c5db2d988e
pol/st_adver08.bin,4096,095926197397083cecb50ef8113e7f5d12a02c630e2bab1225e647c5db2d988e
pol/st_org00.bin,200704,f8b7a799b5bac416f76d563062c6d1a9b70782120ed24f35023356416b41f4a2
pol/st_org01.bin,221184,97657abb229768b9114d650687d1c52c05973f3397a7bc44e2449b319aace824
pol/st_org02.bin,921600,65bd197486e9522c00e91f1163e07489b9d55063b9cfed2b9e9c1ac8718a2da1
pol/st_org03.bin,182272,8acf6bcf7f5d63da59ec80139c59301335a5a73dff8b92b689d2b99f5a4126fa
pol/stage1.bin,2485,f64283bdc4055a308335348d45dc8b4c9b3a99034d1d0ba161714d43c84b0c92
pol/stage2.bin,1040,d0a2e289f7f86f30cff64a26e223c6b744a2cec04fe7b2084ea6c4980fc8652f
pol/stage3.bin,1040,d0a2e289f7f86f30cff64a26e223c6b744a2cec04fe7b2084ea6c4980fc8652f
pol/stage4.bin,1040,d0a2e289f7f86f30cff64a26e223c6b744a2cec04fe7b2084ea6c4980fc8652f
pol/test_1.bin,400979,402a6572b110e36dd930dbda548213cd8bbd91609ab8181fda2d5e090caf35f5
pol/test_2.bin,232,38c4395ece360b448ff1650382c75377030d5641c1a6b042bf5d67009e5e7a42
pol/test_3.bin,284161,277842071e081a2763dd612132d29488019431ae263b83f041ef80ba1a44b960
pol/tokei_gear.bin,57694,21dbb2dbfbdaf5242a5187ac1637001c9e260d42187698d23977069e3fea362e
pol/tutorial.bin,71787,ca63ef7b02b177032e124f27a2c155c0d75ac8d56b2b513a648b1a664b998a9d
pol/tv.bin,369,38a0feb1159c08377ddbd718f7bdee95890de314a197d2f4eb51b89fb62b95eb
pol/tv2.bin,987,1e2501280a886be2d90a7474263d6738d71e47ed39925ed9bba9269348bb6fde
pol/water.bin,91265,1696359d8fa2eda3f4a998b64821625ab31043b2865536323bb61207379476ae
pol/water_boat.bin,21469,e2cfcb6d15e24dcc3fe4d6e11e8479441e98d98f2e47dd1a55bab8d736f7122d
pol/water_hamon.bin,131675,9a29096599a99815ee3d403542d410e98daa6a49f525fc9461ca2dbd0aab4b23
pol/zabat.bin,4148,2bee755cd29390482e4601c9a1fda8bbf5104d13d2087be1ef4e162b9d55cbe7
pol/zabat_hod1.bin,8778,c3e1489c4fd26c0ee8eeb61ec58e9cb9edcdd48d3b7a58eeaebcd30272abdd01
pol/zabat_wing.bin,2235,a7fa404c381af8b904dd95fe8ad7e52864cd4737a0da1e991be8ab511ce3744a
pol/znassb.bin,74521,e5d814d472fe8838e801d0ae0ceae47c17a6219c872be9f7ba5ede71e1408c61
pol/znchain.bin,139932,a3dac1053270d36e6c51d4a26b556d6b6f70baa40928d94f8311b4e69902613f
pol/zndina.bin,25119,fae536801f8da4769890234017c43e552ca5b231fa721c913b13891776331b38
pol/znebi2.bin,52467,9e310a19e08177755d347bc266dc3b58487cbcc0ec8c5a883f3c7a214319c9f4
pol/znebi3.bin,49957,7b34c76dd63db3954d28f25a986aaaf4cfc11801eb1097a23aee86c40b6d9fe2
pol/znebi4.bin,49957,7b34c76dd63db3954d28f25a986aaaf4cfc11801eb1097a23aee86c40b6d9fe2
pol/znele.bin,29031,42527d24e24dc6d3266aa965f13ffd0b57158bd7752fd54e489f779f20b56c24
pol/zngold.bin,34631,1f647a29edf3db412bc2a91ce2d81d0696500ab9d6a2417e2674cce18926a602
pol/znjikken1.bin,18109,d216ba16681c3eb07974f07619f920976357f30819f51b5f24ea0098766005e0
pol/znjoe.bin,409027,e5c39577cf8b22645f0adf1154adb814d00d336383eebe789ed6caa64a28a7b6
pol/znkage.bin,18553,505b8064c173449a9e35d228a1f7227cc0cbede8a223ad9cfcde4033280ff2d3
pol/znkage_dam.bin,83167,8374de98a73ff916c0af1d2b59c6daea9c742fae1ccb5db89067dcf78519cbd4
pol/znkager.bin,63719,5af482c57b6776169ce35b010d7092d3d4a99f31338784ba5f557b3810e6c9c1
pol/znkagex.bin,248585,cd54a17974d54a0cda01ec7ca8ce0f9a674cdde62ae83637008dd107641bdefe
pol/znken.bin,62685,bb17558d392cf28141b868792a79b7e4ce26d401cfb9f8894e63664a5c9a1699
pol/znmachob.bin,79303,226aa329a2f62b12fc225e72fbcecf3ee3aa57c7fadaaf247ab8652819fdd540
pol/znnick.bin,64432,e1b842c588d49897640739191a92893cb420f5bb358b2b8b2bcaec595ba08353
pol/znnickb.bin,63980,9402023b905357a4818e3bd4dc895df84a55fa5b79bf19e634b25d6cd638b784
pol/znonoo.bin,71053,91de615a450da05ba964c950f9bc41018141ff1f056b3db5d6218a341107fe8c
pol/znonoopa.bin,79694,cee541bacbb8b89a750503694fadf0e6dafb8d333c2d2bc6722a114a4d1773d3
pol/znsam2.bin,139300,4257446079d0d9689bcff5cbf757cd830a04ca98b78fb6b66ac5d51d12753da4
pol/znsam2b.bin,64694,b31a900ff2daf908718af3baad8a87f55654e04c76a4f676ecdb787041ed5d53
pol/zsass.bin,79084,e153796c6b6131065d6779a7cf4a50cbc369aa6410d908ff3d4de4d98e8553b8
pol/zskamere.bin,87446,7c62d20aaa250ea606604dc3968d3103cb61b254afe3a9a4fd50359eec6f4bb4
pol/zslman.bin,32614,76e0d8d8d91184edefe438e705569eb0d664f268b0877d26281c3d85b49794aa
pol/zstin.bin,295694,342df2b2def93dcfb888304f370babe57cffe7ed966316f140b574fd9ab38071
sound/SE/COMM3/spark1_22.wav,88744,f5776350f4a115e4a35409102804c7938d8fcb9f60f5e4ee02998d275095a214
sound/SE/COMM3/spark2_22.wav,56016,7edf1e176749eb968c4839d918fa4d7bf0168e346966697dfeac93faa6b73318
sound/SE/COMMON/HertBeat_22.wav,46144,3b0b26fd9bd937d704170d00c23d10fe6898b8495ff046c628e9784983f1ea1f
sound/SE/COMMON/blood01_16.wav,93320,70b470b61cc82f57fc222624a945b8fccb497bde6f693033db30f9ebb8193d0c
sound/SE/COMMON/blood02_16.wav,43712,f8dfead4e050c928d650ce1e87bd9c66e5e6c6582f2334c6b37715ce50949bc1
sound/SE/COMMON/blood03_16.wav,39180,c5d5f60e61674d0298de268e2d1be60219e0c9c89812760871b98070ffdb972e
sound/SE/COMMON/blood04_16.wav,68144,3a728affb21bd7f0211c5c16f30778bf7a592820b651867a535555b75926e2c3
sound/SE/COMMON/blood05_16.wav,133672,d04e44f20ce31602e553c905d67eb65b44b516a61c0a151a9c84403bccb69336
sound/SE/COMMON/blood06_16.wav,29500,f76a8f123fd4ec1b5b8aa4d13b5c8a3a712bef44ddbd066b399bd36983067795
sound/SE/COMMON/blood07_16.wav,82012,5e1196b5180bbcc0e7dce178a84fe40199b48836c0978d3cd1e7415f1eb9a6dc
sound/SE/COMMON/bomb1_11.wav,64512,06245242a551f8c218ec912cfe9b45203a90f6e114b3f46d4edef87cdfd6121c
sound/SE/COMMON/bomb2_16.wav,78256,4855792074445411b35272e7e1dd5a71362568c3736fa7637299fca6f47e0a06
sound/SE/COMMON/bone01_22.wav,29076,9337ac612834af9ebb7d930db767fd5896ab7ca99c19111ef20d5b53f451a827
sound/SE/COMMON/bullet_met1_16.wav,53772,009644acd13d9c409aff651a799180a63db5b48333c6a2434e0d4834772c4c7b
sound/SE/COMMON/bullet_met2_16.wav,64880,1407fa85877209eb23d8e930fe4d06fd9af797ca827272463614a6f19fe1849a
sound/SE/COMMON/bullet_met2_22.wav,89396,de8e6214d57f0658e070dc699c302523e594d5a5bde604dd8f1b5aa1880d34cd
sound/SE/COMMON/bullet_met3_22.wav,71388,b7ff39d165815726e19e5ce8db1f518d6bb96d6a1b6aa73d43075859b30c54e6
sound/SE/COMMON/bullet_oth1_16.wav,46600,f76046ef4e9fe827c1f32862505d1902018006ccb88297993b29b21f84dbfa12
sound/SE/COMMON/bullet_snd1_16.wav,51440,b0487c910c23d3e05c1961d158b85dc3efdb53070c4487d8d3ede4e41b44d760
sound/SE/COMMON/bullet_wat1_16.wav,23728,1acd8c071c522d5f9029bd4f2a12bdaf2aa26477a2d113b6db9aedcb6406e49f
sound/SE/COMMON/bullet_wod1_16.wav,61264,1a5960e69eb8b500db1354230ea889ea85d554a0dbda32e41d2556fdb46a1f00
sound/SE/COMMON/can_crash1_16.wav,50596,d5e900d9ba2d6e4a3556f043784b250ed95854aefd1426f365c4a6b0f9f68a88
sound/SE/COMMON/can_crash2_16.wav,73520,db7fa08419341a2d1f105845f89fbe3db2bd91b1efb1fa1a79006182082cb446
sound/SE/COMMON/can_rolling1_16.wav,31596,8ce4a2b932dbe920401deeb91df48252e92df570d2465c7e81e641719d9e6ec0
sound/SE/COMMON/can_rolling2_16.wav,45700,c0c8ebf9a2362f690446b0caebf33b2d0fcb55b23e88b7c4b9c5dc28ecffc457
sound/SE/COMMON/damage1_22.wav,44692,1b62ece83683bb0654e9500e719f46231e3545774b8b04081fdafddfcd75e473
sound/SE/COMMON/damage2_22.wav,56164,65eeefa3e359ce416eb2c75d86032d9dbab56f59ec7c7f0329c1292834e45615
sound/SE/COMMON/damage3_22.wav,19772,55c25bc41914c1f6e4f39e9de26950bf813e94484f5a5ccf231704072238d465
sound/SE/COMMON/damage4_22.wav,39220,7408df04c6bac3b8702870fc30bd4f757680f0def066f97f38d9c317c9edc7a2
sound/SE/COMMON/damage5_22.wav,40252,1749d100bd653e3ca99b1dbf01ceacbb641a28d52a49c7753c49ab81202a5305
sound/SE/COMMON/door1_16.wav,74172,3bf9f18767b0c374561230ce3fa83d75d2fbea354aa252faca4d213ad8c45154
sound/SE/COMMON/door4_16.wav,114800,47b833ef00dc1cabf6a2c588e7b86c1b7ec14eebc3c86972c223605146998f53
sound/SE/COMMON/doorkick1_22.wav,55520,2be00df6cb1b0cd672ee2468660da1d5641ebe99068d5cc358240a33bf1b017e
sound/SE/COMMON/doorkick3_22k.wav,78896,45ad2b632d3497182e24bb3cbfb4c378f04e6d6a8b07bf3ef27b314c036a531e
sound/SE/COMMON/doorkick3_22k_1.wav,39532,ae85726f2528bd78865512e45eb29f94bc7666ba32eecf563d2a824f2377ae66
sound/SE/COMMON/ene_walk1_11.wav,21172,9a66f5c27d2b48d7e9767a3922e30df7003022f6b65114c365acb0fc9545186c
sound/SE/COMMON/ene_walk2_11.wav,30544,393c47cb047eef093f83ca763e85d72952e4642327b26247f5e1cf92f5c7241c
sound/SE/COMMON/ene_walk3_16.wav,14916,ee5ac7d372dce361684d85bc4e94b97622605a0a9bfba343384eefe594ec73a4
sound/SE/COMMON/ene_walk4_16.wav,17948,4413a1cf345af4cfc5c6b4adcddb2e3b62781eea015d5fa4b6a514f73872b669
sound/SE/COMMON/ene_walk6_22.wav,44864,ffcd5ca7a20ca309f27ab30479b5a980286f28333df14054b40f3c0767d5feb3
sound/SE/COMMON/ene_walk7_22.wav,46900,76cf913be4ff58a75882cdc683de86947f6e09f7a38572c8b61d397f21318d51
sound/SE/COMMON/grass1_22.wav,76736,f54bf5090f3ebfa69e62c0a28031928f3233b9397d546fac966e8149815f9181
sound/SE/COMMON/grass3_22.wav,99872,ec05c5e0752202e870b596dd9b1d19ab1f74d734d9d38fc130f3dc42c3b17ac1
sound/SE/COMMON/grass4_22.wav,72108,faddb606ce779902446210dd84122b1deb948ed0efd71f9871a2bef84c6c3904
sound/SE/COMMON/grass7_16.wav,190252,0f03a0b262d2d0ba0ba51294bbb49d67ed5fe343de4fa1f8608e66ed17689dde
sound/SE/COMMON/gun1_22.wav,88072,c85a56fdccc7f39f943b5fb2d930c4c91c97ba79ecc595f6d5f7eb0cfe68ccd7
sound/SE/COMMON/gun3_22.wav,86492,fa26c7c8558ff5b57860f0bf7bbeeb2a253eef58f19f6224a8efaf186b123a77
sound/SE/COMMON/gun4_22.wav,59752,b090594158fbc2017205ea1cbddf73f5410187ed3c0959c286c4df75f1037f58
sound/SE/COMMON/gun5_22.wav,69556,578222924a4b4e32614d3857768102ca92ef3d61c3945f20186abb98e01778dc
sound/SE/COMMON/item_22.wav,93208,6c59a74e607825ef2892077d81ae1a9436d3f107ac7343e955ff4c178de9da7e
sound/SE/COMMON/kaeru4_22.wav,33440,eb3e6d28aa0e82e88304ec84d99e41c8c1854f08cb136219a97b5e89186fc5b9
sound/SE/COMMON/meet01_22.wav,75452,7482f914488912767788702a7f265022f5ca487c925c634a53701330f4ba8185
sound/SE/COMMON/meet02_22.wav,159792,79dcc922202c9b02c860d8dbdf94cd41c4aa50bebae089124d0fd5da7371a6da
sound/SE/COMMON/reload1_44.wav,50520,9508ff2dee79d8e661ee494a0de4f0f19398e1adea0c88c6686618e5b5a2c677
sound/SE/COMMON/sibuki10_16.wav,63208,8f455b7f3b13fdb001bd7ae2395b43135bdebff9858f971ebba7c8610c14cfcc
sound/SE/COMMON/sibuki2_16.wav,93920,9a98ee777605075ebecb48e6b9d96415ecd7e04d1602937131c82a718948475d
sound/SE/COMMON/sibuki3_16.wav,61056,87f29635d16ff91341c5ad671a0a6df2276c1feec8ba0ba93ef6fcc79b9e2c2c
sound/SE/COMMON/sibuki4_16.wav,66932,c1ae9092057fd55b670b9bd54d101404cff4c1dd8ca848c35c7f6e528d57d394
sound/SE/COMMON/sibuki6_16.wav,94864,1f46ed20e4f48d8307b1298418915ad6d85d82c636cecfd8f261e529e632b448
sound/SE/COMMON/sibuki7_16.wav,110388,badefd831ee97104679218327a69f57fe9e1ae12b84839a82116edf68b9b854d
sound/SE/COMMON/sibuki8_16.wav,110464,a18d7f3e846f902220034113053327d7732cabed1b5fa5ae42dc6650eddf3f74
sound/SE/COMMON/sword11_22.wav,68936,5e2311d7a301ee864735002ba4b8982d6df21decefbf82fbb526210902c6f1c9
sound/SE/COMMON/sword11_22_1.wav,34484,2dc971a79ece49d28861ce0a81b8f7024f1a84b455e1af30289f6b421b41c87e
sound/SE/COMMON2/chain_saw_22.wav,52704,44b761052c211d2d5000d452bb412825b1ac5df82319970778789527baee8f6e
sound/SE/COMMON2/fukurou1_22.wav,119348,2745567c56ca6d8158d1a0037bac0d1d8dd370e9b8465e36b62dcdf6b7c368fd
sound/SE/COMMON2/fukurou2_22.wav,62068,fcfad639504302275b65e3c31c61ef14563c6270b05e83f818b472c79373093d
sound/SE/COMMON2/habatak1_16.wav,83208,0fdb79a04cc10f7200757e7080b56ea14958582cea11753b7777c0d63732eee8
sound/SE/COMMON2/habatak1_16_1.wav,41688,47702da7655c52dc22d19d830ee4946ea8702766ab4e6b1a93be0d0cce1594b7
sound/SE/COMMON2/habataki2_16.wav,95156,79545695b87d00308e5c89fbcedc45bbe3d9fa68f4dbd401258f8b530bdda596
sound/SE/COMMON2/habataki4_11.wav,64972,78cd877824421c3c991e10f6155e4244680b0f3447b5b64f6552961d310f71e0
sound/SE/COMMON2/habataki6_16.wav,66292,8faa874d0a72e4a79a8146c9319286f6f1f2258ef97e085a8269fc281f16a5fb
sound/SE/COMMON2/knife1_44.wav,63904,b724f112c3c4789b6547f1170fd4dc61e3aa49f14a7c6da036878f173d841a16
sound/SE/COMMON2/knife2_44.wav,65816,37ad0e15e7824bb57b7c89a7b484b4c3c86b9eb93b17419aa961b1fe7fc15616
sound/SE/COMMON2/koumori1_22.wav,70168,6af20d76e65ce04f9df45da18322416db11396ef80f0fbac5d2fcc7c2ae9a782
sound/SE/COMMON2/koumori2_22.wav,75416,c1cce419b6b43b58f95b6956f9fa5996f6db15f584ed1c1450cbc5519536e6e0
sound/SE/COMMON2/money_22.wav,104288,1737baca616084b27d6bc254e4593dbee2b140d457d06d97cce60fd3a12af4e6
sound/SE/COMMON2/shutter1_16.wav,163604,e17e263b2f89698f8a610c697573499a70161b1c4743d85432e349d708ec5e8d
sound/SE/COMMON2/walk_snd1_22.wav,27036,dc70db1904a9fdf81e28e9165f9990ea78e760f5118921f16277d1953698b672
sound/SE/COMMON2/zombie_002_16.wav,86252,82e01533af5c8a3df40067ff5a62c3182a35b48c799c4b779d19fa5de8606098
sound/SE/COMMON2/zombie_003_16.wav,70724,b78b3c1d5f4cb110104bf497557edd98349eb9dcc7011eb34a31abd930e67555
sound/SE/COMMON2/zombie_007_16.wav,131148,9508c8d9655f5ba50c3327361d76f355466e69e3862a60f41c11171dab0bb2e6
sound/SE/COMMON2/zombie_010_16.wav,31152,343dcc2328333fd9084e8369cd861aaf3013bb46c4f8d8806364c1e3791f0abf
sound/SE/COMMON2/zombie_012_16.wav,29612,29ccb6af5297a1071b6d3751a80980f583acff36aab5bbcd395a9ca58369759e
sound/SE/COMMON2/zombie_018_16.wav,63328,caee55ec1086766655415d22bcebbc92a040279b0edc30719ad46b2489c31edc
sound/SE/COMMON2/zombie_019_16.wav,81028,ebd032c1099a626936785e270823d94b4d381094adc55fcaf6a7241892a837bb
sound/SE/COMMON2/zombie_022_16.wav,97952,4020377ac6b1b23309eac94c32852892e2ebd4d41cbe5466fd85b9f5b8eabf58
sound/SE/COMMON2/zombie_030_16.wav,59480,2654cc2dba70439287e1bf200ee22d0d4f7c0c2f7e599549ca9aec2f750dbdba
sound/SE/COMMON2/zombie_032_16.wav,89020,dd792931955c2829441e40d25a76306cb7e805d1430cf47989e5ba281efbf918
sound/SE/COMMON2/zombie_035_16.wav,70436,08b76ef7f442569c215183d8417bc626c913353d983c65703b97d16642c9cbba
sound/SE/COMMON2/zombie_036_16.wav,114948,7da160cda3dc707760fea5ada02de7e4709339ca839c82dae9c07ab566cdb44d
sound/SE/COMMON2/zombie_041_16.wav,89644,a6630e3aeba71b788572f4eca656fa1df1983eace4a832c6fa403ad517b33ba5
sound/SE/COMMON2/zombie_046_16.wav,116152,7f3d0c45f4b0f35e5240263cf4946584d67d6090879f92b6d14616832ce40507
sound/SE/COMMON2/zombie_053_16.wav,120796,fd708fc03d3491007310700f5ad5f4038058a28013968fd0dc33de23689b9104
sound/SE/COMMON2/zombie_058_16.wav,31264,b2d0b07dd3a8d5ed987ea931f63e317404124787470e08bd866b5bcc0c9f3b17
sound/SE/COMMON2/zombie_060_16.wav,94796,5f48e03717d1ec496c6f0e383126e3838bde346ec4068edeaffd9b821cdf63e1
sound/SE/COMMON2/zombie_28_5_16.wav,65588,e9a6c0006aa2c1bcc33c24de2acea3b8fae0fada9f41467a80a4e35e826b93d2
sound/SE/DAMEGE_Ga/187_1_Ga.wav,50744,798ede67ef8bcc122e636dbfa5e6fa72416579a361c56edbec420908eefd13eb
sound/SE/DAMEGE_Ga/188_2_Ga.wav,55608,4b923f8e6c98615757400a633b6eef8c339dcc3e41cee1f166a6e13126898b12
sound/SE/DAMEGE_Ga/188_3_Ga.wav,51768,99f3ac71be083833a20de4619fe45ced7fcc4dfd33ac789e49032cc9c08ee8ff
sound/SE/DAMEGE_Jms/184_J.wav,91236,43952082ba441f38e82bd5340cb2e498c769124f5ec4c3a79747fcdb74d97323
sound/SE/DAMEGE_Jms/185_J.wav,50920,0b9596acb4967b6239c641758ddc4555b12acb004a0d23dfbba0eeb21aa48bba
sound/SE/DC_SE/air_g_rel_22.wav,28636,bb71fd7a711966434a73d597b5ea50397f94df4443d3c2a7e033a8e696d29351
sound/SE/DC_SE/air_gun_22.wav,30788,22a92455fae57ba4fcc35882916f7261bd01fa51189663323e5b146bf474192e
sound/SE/DC_SE/cursor1_22.wav,14992,d577c65c6b56e45c6063a46b483e43df3cf727ab3a3d7c72a3cdf7f3ae1d5804
sound/SE/DC_SE/error1_22.wav,25016,29e348afcc7dbe6854d196e4528dcb34c51e17bf852d71d350c34f8fa99dfe73
sound/SE/DC_SE/gr_rel_22.wav,39172,ad3edc9cc44a5f647b5385a5b63572883b88e8924e9d30376061d393179e3a38
sound/SE/DC_SE/grenade_22.wav,113412,bbec2ebe2dcdcccb27ebd49414b9c969d965f644a1b77327ae43e0eda9bf11a2
sound/SE/DC_SE/magnum_22.wav,80320,969de11983912d2e4bc9dfca88daffcfaa91643dc05478c7e46a06e3c34e6917
sound/SE/DC_SE/mchn_gun_22.wav,36112,46ea1d50eeb4462fec18ffd5888bab329bd96ea135884f3001d0cb090ddcf0b7
sound/SE/DC_SE/mov_rank2_22.wav,20816,7be96c90c11e955e8b0fc5e93902d050d59ba4c3a1267c5d324e498a06059922
sound/SE/DC_SE/mov_rank_22.wav,24572,e9e8709f3982a169adcb53db87df928791a06512b06fb8aed15539f1ed4bd551
sound/SE/DC_SE/ok1_22.wav,28216,dad8dcb4ebb2bd2cc15b2d712c315d27dc127d368df8287331f66faa4418e66e
sound/SE/DC_SE/rerease_22.wav,40940,44663ac447f443f130eb37f3956875b510d09f79b6af7f4de946901c0e49307b
sound/SE/DC_SE/ret_option_22.wav,42804,1d1942a38e4006d15f63ad556cd226bef0dcbd972674079a983dc7d9177b4cb9
sound/SE/DC_SE/rule1_22.wav,64448,2ea434be353209b1346ce06d9c6532e620e20029e6ac59bd4a9753fc6709722b
sound/SE/DC_SE/rule3_22.wav,40772,f8858eebdaecb3ec0fcc11f09f1c95106d429fe23728b1dbe4b1c974a3c78abb
sound/SE/DC_SE/select2_22.wav,34608,4f2594f4ca8f1cdbc11b03dd6ac66f1c75fe9d6dd084f33b1d751315fdab58ae
sound/SE/DC_SE/shose_44.wav,27448,b5f3762ae04fc2ba6a32b2ae2c4ced28cdf1bf193aa656383579a127513c94c2
sound/SE/DC_SE/shot_gun_22.wav,97248,dfac2f48b50b2cd4761e1e0324746a9dd765427fbadc317770859f59ae0fcbd2
sound/SE/DC_SE/star2_44.wav,86576,231ad6beca3e1db735676bd6d47788e2c92b819ddc5198f57bd628a8d902a24c
sound/SE/DC_SE/star_44.wav,106764,7d49e07bd45335e72bfd16a8e4fadb870b470653b9ddc7e64bf6b275096cdbbc
sound/SE/DC_SE/time_cnt_16.wav,48224,7655b1195485a48cf3b1bfc0ba8a4f3c419b8ebf63b3c04c17af4418948736e1
sound/SE/DC_SE/time_up_16.wav,73512,376822317308620259fba76881d1c2143e8dcde5ecc33c7b78a1c373ae86a320
sound/SE/DC_SE/toy_gun1_44.wav,37004,3cc35462f6d274c541145de44bdae8c3b068beb8cab19df5be60dacef4e9ad36
sound/SE/DC_SE/trunk_16.wav,65424,318a314a577135912211ccde04b1167ba6f4783c9e1c33baefde74ac59be398a
sound/SE/DC_SE/ufo_44.wav,178496,14269159440313f5abcdb6a6c316a2693d5f665525aaa5014e008933214d16e1
sound/SE/ETC/__vo_title_16k.wav,174894,06460baed75f6e0e459cb09f7ee423adea7536611e4a5726ecdf68af0c664ecd
sound/SE/ETC/vo_reload_16.wav,48900,5c62041085a6233fdc3e127279beb043bc73d6ef7be5ca2f4f3a3310d2d84ae0
sound/SE/ETC/vo_shoot_16.wav,107236,75b617c6d3aecaa39b104c46fef89c8836a4c115e6810eecafa612ea53cef1ae
sound/SE/ETC/vo_title_16k.wav,174828,53409cace322ee28761d81f9d890992d3bbdeb08dfbcab83070f34773504d00d
sound/SE/STAGE1_SE/Pdmg_morr1_44.wav,89912,c00764e653bbd43d386646e8964473c09dfd0fcf9b840fbf10af353464761ee9
sound/SE/STAGE1_SE/Pdmg_morr2_44.wav,62408,c1606f54612d43b7600def7a8c9ce91938bee7e2ff15fc0932c79b827c3c2423
sound/SE/STAGE1_SE/Thunder21_22.wav,195324,5810de26d2a181a19248f7359e3a99c08af9da1c6c8490c1555bf406d8dc5b86
sound/SE/STAGE1_SE/Thunder22_22.wav,259264,82090611de0a321bf69d7066fc753d3b0e84b6a428f52bd8c35136431199b0f2
sound/SE/STAGE1_SE/axe_44k.wav,261684,0e353f1e776627aa52f7c37239abffb8215fa4b8f5630218d010a32cc777f12e
sound/SE/STAGE1_SE/bobble1_22.wav,206760,9fc519a75de7c6312a420f29564b47b1936ac50ccc4cb64345bcdb86e344074a
sound/SE/STAGE1_SE/bos_walk1_44.wav,108720,4f8ab98f10188514eee94c098b8a945137b97aea380b06a5753d48f7f6469f96
sound/SE/STAGE1_SE/bos_walk2_44.wav,103864,cdcbe99024d243a9963daf263e054e5c723fd4f0b8aa34415a57f53dd8ae6ec3
sound/SE/STAGE1_SE/bos_walk3_44.wav,122976,8b336b31a613cac0fcb71c126511520549f16ca80c09abb2b22f4b650e06028c
sound/SE/STAGE1_SE/brake.wav,258864,eea4b6dd17e071b1e7bacb08a3f6e901367ca9bb0e7ece41a33cdfcffc0fac93
sound/SE/STAGE1_SE/car_crash1.wav,261336,75331452cdc6e4551d6a5bba962551b0bf2dcdc44e83e4074cc7cd8df3db2405
sound/SE/STAGE1_SE/car_fire.wav,257144,d2204ee8a8c84c39ab26028f7f984a70d60ccb0402d45712b5bd4ea6dfdfeaec
sound/SE/STAGE1_SE/car_srip_22.wav,243300,9174e2d04505bf103afe2dc63c1dba4214e3d5ed39fb00e1bb6d73ae9601b64a
sound/SE/STAGE1_SE/chair1_44.wav,167036,6a21ffc012d9ef97b641eee132f5d599a2d19c707db66f0ac6674f2b19e6c088
sound/SE/STAGE1_SE/kaeru2_22k.wav,61328,9fa8ab454269f22cdf6217c41724c24c068f4742fa7a882a85c41f8a054c4770
sound/SE/STAGE1_SE/metal_door_down.wav,109484,0d586a7b5cd3bc81ee2c387175a3683e759553f8374196e8e5f7537acb272018
sound/SE/STAGE1_SE/metal_door_hard_open.wav,124744,5d27e8e5412e0853efd5d0cbf17902f90744e5d690dae21b79d4bce064996f96
sound/SE/STAGE1_SE/rain3st_44.wav,132360,abfb8a1e0909da44a86dc1b09e0475f1235fa16ac84a77ce6ed5f731eb926e07
sound/SE/STAGE1_SE/small_boss_13_22.wav,252268,9dc223ee3a052ab839557c1fffcd112e887ca7bd827820c54a10d80033983ea7
sound/SE/STAGE1_SE/small_boss_4_22.wav,33340,7ba28e50bdfe081d031868622a86a52c51255a13ea51564706e335130f33466b
sound/SE/STAGE1_SE/warai_22.wav,205188,5f4e80378652b5f877e4c4650027d28a4638b29d002b68c836f4cbbd42396f34
sound/SE/STAGE1_SE/wood_door_broken.wav,99928,08378cd125858f3efa9e2abd03ae8788f8b50ea2b154a327c73b892d059bc34b
sound/SE/STAGE1_SE/wood_door_down.wav,94496,1501f38b5fca9a59a3e71c4c665fc67628ebf5e17de16c864516bff352fc4d69
sound/SE/STAGE1_SE/wood_door_hard_open.wav,219708,393f03803f8988a8cc57865753e7fd227d6a099bd86407c32d445bdcbe2f017f
sound/SE/STAGE1_SE/wood_frame_crash2.wav,202172,966b85609531fca052b92d0980ddb8252e6b836187e1e4ddd19d066804ef4ff4
sound/SE/STAGE1_SE/worm_tubu1_44.wav,82108,bee81dacbba0c5f102669d02a098d7ce39447dea5fde90297474f0dc9d8fd53a
sound/SE/STAGE1_SE/worm_tubu2_44.wav,82796,4cdc15b19a3fd78c0229ebce501d98bbbaa1c8747203714dc6dfdfc9651d0471
sound/SE/STAGE2_SE/Pdmg_morr1_44.wav,44972,fe1b518a05c5f4d8f1d0caa4c328e7c179883b9c8a72e872027cc12ebaaecf1b
sound/SE/STAGE2_SE/Pdmg_morr2_44.wav,31220,5bdb6d1bcc7f26a8b5f14fbda770126a41441fba73e9792735d234d4a4c686a9
sound/SE/STAGE2_SE/beep6_44.wav,10100,ea980c983ef2199aa82951657015b1996d75f1a464280728234c4515ba044297
sound/SE/STAGE2_SE/bobble1_22.wav,206760,9fc519a75de7c6312a420f29564b47b1936ac50ccc4cb64345bcdb86e344074a
sound/SE/STAGE2_SE/brake.wav,129448,806c93cce4d23aaac7dfd01d0cd530ad2bf58d46b31a637f38ae532e4472587e
sound/SE/STAGE2_SE/bridge_crash1_22.wav,260676,b721d4cc231196c21224c6093975f6e12fd49c6761755ff755ccdc6130899a30
sound/SE/STAGE2_SE/car_crash1.wav,130684,206ad3adab7deacc5d972207bf4dbd1a91e7431e25fe2d6872679489595128bf
sound/SE/STAGE2_SE/car_srip_22.wav,121666,fa58d488195c26723adafe43baea84bf82b14cf86e9a72acfa235f8cd52fc0c6
sound/SE/STAGE2_SE/drive_dead1.wav,205680,59d5042e13bd777c39f80bc8e0d1167766bddd45c7200dbc7a075e68ae987405
sound/SE/STAGE2_SE/drive_dead2.wav,240872,f5385ca4775673e1f1aa680262abbcebc28f18777a2556beeb90b834bc39dac8
sound/SE/STAGE2_SE/gear1_44.wav,146152,15538b2b5185beb3c2c18fde84efd97e451698432138a8d470df4c8844e2e567
sound/SE/STAGE2_SE/heli1_44.wav,165520,9a1b703ba0ef5a16da2336471a6d7c9fdcc835281e37602cbc749fee3669383e
sound/SE/STAGE2_SE/mech5_44.wav,129880,18749c2f7c9e81d1011181e0b06047955eb4dbdfcb26b171b36f0b2d42e65f6e
sound/SE/STAGE2_SE/metal_door_hard_open.wav,124744,5d27e8e5412e0853efd5d0cbf17902f90744e5d690dae21b79d4bce064996f96
sound/SE/STAGE2_SE/sibuki5_22.wav,119388,47d1b177ac7ff6b29619f344dd02b5111b8329ca8b051df5edc3ca05115e0599
sound/SE/STAGE2_SE/walk_hasi_44k.wav,52836,fb30b67e6151c8f326515b4405309bcd80180bca3f7efa5be94d2cba0b7e9381
sound/SE/STAGE2_SE/wood_door_broken.wav,49980,0e18c043bb0380ec343c3fcd03637fbcee16d75cadbb2153cfdc5ab063c63bc3
sound/SE/STAGE2_SE/wood_door_down.wav,47264,97933972573b85f166d39ee711084fe7da33d0b7109ac997da3b9d5eaea7bba1
sound/SE/STAGE2_SE/wood_door_hard_open.wav,109870,1494cc1520f07234d9488d9d36ea88235f3b94350048f06604b75bfaf765bd8d
sound/SE/STAGE2_SE/wood_frame_crash2.wav,101102,0b970e4b22590b79afbde420e09d13a985353fb120d4a2ec193105c53d0c7669
sound/SE/STAGE2_SE/worm_tubu1_44.wav,41070,dee61355a6467318b6c412051e6bb3737b38219284f2e5427da400b391bd305c
sound/SE/STAGE2_SE/worm_tubu2_44.wav,41414,16f3aa2c5b86ced4d3a58a66bcc2893aecb440c9686b33e41681a66c0f600e32
sound/SE/STAGE3_SE/boat_fast2.wav,166680,2775b2ed17001fcb9112c0d5f298085c51877e9331380964fe5a131ce9c7ac8c
sound/SE/STAGE3_SE/boat_hikinami.wav,218692,07396df34803fa4bb49b6897847655526f21a78c906666063e589681904a432b
sound/SE/STAGE3_SE/boat_slow.wav,260544,b0b65d2cc05e8ffcad01070906c69ce691f83888008f72428e703eb88eccaae3
sound/SE/STAGE3_SE/boat_start.wav,261912,047331dc3b354dbd076d135ac989d358e25de70f11bb5cd6f4c2f9352da7f5f8
sound/SE/STAGE3_SE/boat_stop.wav,219836,d80f3381147ee88310c5a74e4891c864bca98126e177eac445bcd690b9819d7a
sound/SE/STAGE3_SE/boat_turn.wav,191544,022fd27ef3f4fadd51e5dce5e54ac1f8e589ec7c625efc7e17f73b1e7f8861fd
sound/SE/STAGE3_SE/bomb_22.wav,219448,56ecc60eac5d14999835785321589aef06d9c7edcfdc55c67ed6488ebd8d7aab
sound/SE/STAGE3_SE/boss3_1.wav,110440,cc1bafcc6ae69fa3c069b22d196e5fb78a25ba2015e99b6b66da55239be33df2
sound/SE/STAGE3_SE/boss3_2_22.wav,82028,e961b0ce1a422f7ca0b9a5eecab6c86173c69370e62b68cc1a07aa5dfd95ff71
sound/SE/STAGE3_SE/boss3_3_22.wav,125468,f20bd1ce5c4542b0a480c1c2b2289f17493189d4b72a8d1d5d17b5488098f81c
sound/SE/STAGE3_SE/boss3_4_22.wav,131048,1a23c404dbab5aff0bb210ba32902279b2d2f57d0325f9b2567dce321f8d9667
sound/SE/STAGE3_SE/boss3_5.wav,261564,cf2a0c56315214e6095323df26a4006b65cb3536e3a1f595310f760fceaa7faf
sound/SE/STAGE3_SE/boss3_6.wav,226656,308d0abdce73343f83750fb0c2ba244500ccf7c3d9c45309a4e1c9ed4b7c2a77
sound/SE/STAGE3_SE/boss3_7.wav,257852,9d7bdd21969bf0efdb3aeb3b9fc6244a27779b89b5ae6c66b62c24a6452227bb
sound/SE/STAGE3_SE/car_fire.wav,128588,1b6167b436cc15b45dff73f044955dc6e2b807b18ba4f22637232be6a3f1d5f3
sound/SE/STAGE3_SE/europa_telephone_22.wav,262192,59d05b65a50e8b76688eb49be6ceac99e3d736c1f193d64aa194e366d1e89f35
sound/SE/STAGE3_SE/mech5_44.wav,129880,18749c2f7c9e81d1011181e0b06047955eb4dbdfcb26b171b36f0b2d42e65f6e
sound/SE/STAGE3_SE/sibuki5_22.wav,59710,24cd89939aa726ebdedd438f1e62584c145030c700f1edac310e109c4d288eea
sound/SE/STAGE3_SE/sizuku1_44.wav,32100,cf3fd4f9d2ba98b2a7ce3f9954dde6c10b618638cfcbdf14ecb451635b3a6caf
sound/SE/STAGE3_SE/sizuku2_44.wav,41720,f63d37fbfd5384a7cbacbbb34d1f649e4ae3d95fc66a578dc8491fa09b3546ef
sound/SE/STAGE3_SE/sizuku3_44.wav,27600,bab838d59fd4a5c10cb7c1c203ef413ae0c7029a5c64b04f9fc5bc7c64722639
sound/SE/STAGE3_SE/wind1_16.wav,252124,fddb192cd96a00807776eb089b831d345fdc6d933ab630608672d9fb9dbf3ed6
sound/SE/STAGE3_SE/wind2_44.wav,238672,b9a007515822922b4e035d613e09aa1926dd7712ef4b9ceb74c92565d8f635ca
sound/SE/STAGE3_SE/zaaa8.wav,240184,e2037c097b02b07caf48ee95f59f663f27f338963bf319aa1a011dbd438f9917
sound/SE/STAGE4_SE/BOSS4_hashiri1.wav,255304,490616cc427697f2ce23974f517df9439359eb5099554145b8859c5b11dc93d2
sound/SE/STAGE4_SE/BOSS4_taore_a.wav,261876,35e8757ea43053505df5be50586196270ba991a6d4024c873ed5e8687d13a2c3
sound/SE/STAGE4_SE/BOSS4_taore_b.wav,261984,2250e8884eba6591b9b9048650d50a207c034e394dcb56eca9ea64ad1f3660ba
sound/SE/STAGE4_SE/BOSS4_taore_c.wav,167664,e02fa02cbc9bbd70dc4846c057f1137072933dd1f5e57b3c46eed6ba444b1801
sound/SE/STAGE4_SE/BOSS4_taore_d.wav,168572,ceaedf3dd97b32858561e42d640d8aad73157a027e5a69f6299a62266f5fd736
sound/SE/STAGE4_SE/BOSS4_yarare3.wav,261724,e8e9427b466b61c50bee2be12eac6c3fdacf711197f0fded05f8f6298a5e63b8
sound/SE/STAGE4_SE/BOSS4_yarare4.wav,178964,e6f57c4c3d0ae9f6f528b3426724911c3619af3404981e8449eaa6929da371d0
sound/SE/STAGE4_SE/KEY_1.wav,15208,7553dbbd02302fc9f35d03ee49643cf6fa73cd81e9557533db9a67dca3b421cd
sound/SE/STAGE4_SE/KEY_thorw.wav,143908,d3ac7fc203731f2c67a61685c9fb6002f88ee4cdc54968be84e699d974c1da4f
sound/SE/STAGE4_SE/MONITOR3.wav,147868,75d3b6e9f06036fe22e6a5285088b3eb0c33bb88c51ff39c66b4d8325a3ae023
sound/SE/STAGE4_SE/axe_44k.wav,130858,5cf09e7614d6392759bfb23eeb042bb27e301619455fea2bba483ff850003587
sound/SE/STAGE4_SE/beep6_44.wav,5066,f753b01215725b7f293ab0a4aa81ff1145a19d0ff656ed7c5bc023edab8185b2
sound/SE/STAGE4_SE/bos_walk1_44.wav,54376,a80567982b678836761c9ce2cf6f447e8fd1215d10fa707e0254ab5ad23ec340
sound/SE/STAGE4_SE/boss_wall2_22.wav,131276,da386aa2eeac9e42474adb32cd9fcd0fc434210022cdf7a8ffa3152956aa5373
sound/SE/STAGE4_SE/kaidan_22.wav,241144,b82d3e133eac8a124aaf53624c93fd549afe7888552c2cfc155522a8b4f06b93
sound/SE/STAGE4_SE/kaidan_stop_16.wav,91344,cd51e8539e2d840a2541745c6799ffa479ac0e51529fa8f5ddd1f9f1f9266189
sound/SE/STAGE4_SE/mech5_44.wav,64956,c1ea583726984eff7c0401bd1ae9fc42786b4db48e8cf2e2aef594d2928e1479
sound/SE/STAGE4_SE/quake_22.wav,251160,5ec12d529887e85d200be028efe0a74dcbeb57113ff9bf8905e4fb3a39f44f0b
sound/SE/STAGE4_SE/quake_end_22.wav,164608,03012fc146df4769ece21121bcba446486cb88abfa07297458a7b5677c2612e5
sound/SE/STAGE4_SE/tr_crash_22.wav,118492,272fd05eab246e8626c8b5360379f3a67296e71f0062e3871d6042329617ee9e
sound/SE/STAGE4_SE/tr_move_22.wav,144680,c8d24e894e77f7e1afab84fc692d8317a99b3880a49ae1cb8ae9e1adcf970751
sound/SE/STAGE4_SE/wood_door_broken.wav,49980,0e18c043bb0380ec343c3fcd03637fbcee16d75cadbb2153cfdc5ab063c63bc3
sound/SE/STAGE4_SE/wood_door_hard_open.wav,109870,1494cc1520f07234d9488d9d36ea88235f3b94350048f06604b75bfaf765bd8d
sound/SE/STAGE5_SE/CAR_explosion5_22.wav,209536,db03272dde1fcdba17e291db6ceb697f80f4136bfe9705b0b227721494b68098
sound/SE/STAGE5_SE/DRIVE_OFF_22.wav,250808,2aea9aaa120a363d1202e6ab17b21686a2f87584f978fd0b0f972ff7dc2eabe9
sound/SE/STAGE5_SE/ENGINE_22.wav,248296,9f8f892523dd9be66a1458816282759c4e83a299106d0f3ebb9899f21e3eb45d
sound/SE/STAGE5_SE/LASER_SWORD_22.wav,110544,c34f757fe9e16d4d1800b8f2e77c1d3fbae9c3b7d34ad7052fb19dcba3c9fb83
sound/SE/STAGE5_SE/MONITOR3_22.wav,73960,6f04f8c8b9dcd7b230ab29529b908fb373b7b82dc9ea543330a654a5e6bbc3c9
sound/SE/STAGE5_SE/WARP1_22.wav,66720,9e1d1b6dd9c9a064c01a322acd7747edaeb94f8b3245cc5a70da2b312a5c69c1
sound/SE/STAGE5_SE/WARP2_22.wav,40430,4cdcfaa46005a27c8e819ea06da13b5d9b3ae5afbcda595aafef2296e59cf45e
sound/SE/STAGE5_SE/axe_22.wav,130868,2c033a0bc8b0ead62399273dc54fc46d72d2db58d1c3d4f657fb0608c6c8bcff
sound/SE/STAGE5_SE/bos_walk1_22.wav,54384,9bd0eaf3c170886e0e3c028871aaeea589db2d8a8155698ef5b26fcfd7055661
sound/SE/STAGE5_SE/bos_walk3_22.wav,61512,f3f366d537be5548808c6e073367ab93dad67ef56376f504c9ab78d9bd09084e
sound/SE/STAGE5_SE/brake_22.wav,129456,f41b7b2fb1456bf4e90fd9a0ed193c58ca03fae3e0a59377fc0bc994c78b8618
sound/SE/STAGE5_SE/bridge_crash1_22.wav,130354,2b503ee9bd28717191a8257c183a066efd7f6408e35f199822cf5f861183fc50
sound/SE/STAGE5_SE/car_fire_22.wav,128592,424dc0f70fff2da497fde4564d81800aa596ac27129e19210ead33f2dd89f569
sound/SE/STAGE5_SE/car_srip_22.wav,121666,fa58d488195c26723adafe43baea84bf82b14cf86e9a72acfa235f8cd52fc0c6
sound/SE/STAGE5_SE/drive_dead2_22.wav,120456,910709f57c2abe53f36b2f54512f848ddac9ff1b7859690e3c73068cc934144d
sound/SE/STAGE5_SE/gate_22.wav,76732,2c9d4db298e9c7b740910ae65300176706c8a9aef3b4e614292364ac89fd2d5c
sound/SE/STAGE5_SE/kiai_22.wav,261448,ddc5c8817d7e18bd7d898e30b6e5bd9eb2275803eb905638326f4a6125bfde16
sound/SE/STAGE5_SE/kirituke1_22.wav,65584,c5aaabe6871fbb01d22ead3aabde649e790fac1cccce00ff583323a4073578bd
sound/SE/STAGE5_SE/kirituke2_22.wav,106932,2b7e5cff45f9d9aef2bdf2e0ae0f256bbc33f81dc23896a1a90d161769adef01
sound/SE/STAGE5_SE/mag_attack_11k.wav,39672,35f42da3c921b71ebfce7212d87dd0b87964225e87d1ed1a12aa5a209c552dbe
sound/SE/STAGE5_SE/mag_baku1_22k.wav,256600,2cf58e8b8f78dc98573252aed2f97e0f620718c4980917ae351c556480df87a1
sound/SE/STAGE5_SE/mag_baku2_22k.wav,176764,64226d31bbd4c6cd092ad29e7b7d4d94536f675e5060944150e68b97373afd79
sound/SE/STAGE5_SE/mag_dmg1_22.wav,152112,c0eb2c3499d6fc1b756cd2deca3040d12f46522a263fe01f26b6e6637375b5f9
sound/SE/STAGE5_SE/mag_dmg2_22.wav,45368,b329c767c1bb32453811dabd22a60dd71a516d3a10960abae9561910b3151750
sound/SE/STAGE5_SE/mag_move_22k.wav,119704,f685a95983fe06050cbd4ddcbf0434b0fe0413eb8ef7570aecf7274cfac92d4e
sound/SE/STAGE5_SE/small_boss_13_22.wav,126150,1da6eaea6a7a86bb2372b360c80a71fc26ba2e6836d3052a6fae3391419169f2
sound/SE/STAGE5_SE/small_boss_4_22.wav,16686,b3b8952663c02524a01c7fa02bca8fc593d8ce6ed527a1b29a44512434fd2655
sound/SE/STAGE5_SE/warai_22.wav,102610,cffc986e9947d35a22467f69b952c93526f4cf151b483d090dd90289bc29ba44
sound/SE/STAGE6_SE/AUTO_DOOR.wav,71736,2086f7a359560f183f7a5e7cfad6f21a43fc2b14ada93c306a4807328a3a0b03
sound/SE/STAGE6_SE/BOSS6_EXP1_a_16.wav,240588,bb9bad1658a779749824f622479e68dbbf8697a7518b2db660c972497afa7646
sound/SE/STAGE6_SE/BOSS6_IDO_1_22.wav,115100,1c7d06560385fc50215090483f3f986460ffa793f264e0899ddbfade7fb4e53b
sound/SE/STAGE6_SE/BOSS6_kiin_22.wav,83924,80e616e685510fc6d78a978837bec9b66bb6d737ccd84eef467720ad85d5877c
sound/SE/STAGE6_SE/BOSS_A_16.wav,188860,cc9a86e19a1ed8c06436f4bebf5a96f872625cc018e1a1d792cd5d940a168602
sound/SE/STAGE6_SE/BOSS_B_16.wav,137200,5e6007528eb4f838fd63784f4a12e54dbc1ac0df110a0da40e9054ee5604c585
sound/SE/STAGE6_SE/Elevate_16.wav,164296,7c91572285368bb1109ee35e3b3e1cf604eda9708b3324bdbc61a97beed5a93d
sound/SE/STAGE6_SE/LASER_SWORD_22.wav,55288,c2ba7f3c98f9118445ed515ad49f3e688b67f40f7c8f5bfaf6953ca6d7fbd750
sound/SE/STAGE6_SE/MONITOR3_22.wav,73960,6f04f8c8b9dcd7b230ab29529b908fb373b7b82dc9ea543330a654a5e6bbc3c9
sound/SE/STAGE6_SE/WARP1_22.wav,33376,0503ebf3e4782a3dd860e0a2c29d0d784f3faa08eb7fad1bb241c971f4262d54
sound/SE/STAGE6_SE/WARP2_22.wav,40430,4cdcfaa46005a27c8e819ea06da13b5d9b3ae5afbcda595aafef2296e59cf45e
sound/SE/STAGE6_SE/bakuha_a_16.wav,262048,5da6839c3d07ccbe63204a95abe0894c9cacfcdf8bb88dd012ff3e12f619b2c0
sound/SE/STAGE6_SE/bit_kougeki_L1_22.wav,108808,d224fb5822b0d49b85687851f3c56a4394ac2e69794af83dbc4a75087dc1c288
sound/SE/STAGE6_SE/bit_kougeki_S_22.wav,97972,697c46f0b50a98ce286c2d016b69284d9022a02024671f6f0c0f774da3a7a7a0
sound/SE/STAGE6_SE/bit_syugou_22.wav,91312,119634f37a024e225b8daa9e9a48687aa2f794b2593d443269844cca69ac32fb
sound/SE/STAGE6_SE/boss3_1.wav,55236,a26a627b24c9c55733e213ab624d27b0425c4b1a6f8fd8002d9239f8a4cf764d
sound/SE/STAGE6_SE/boss3_2_22.wav,41030,9613a462673c67f3bfd8096b5f17d8a52e7284226492dae989c44cf9093e346a
sound/SE/STAGE6_SE/boss3_3_22.wav,62750,a4532a1749bdd34953546ced309c8f9eb3b770abc7d70b81989a5fd80717e56a
sound/SE/STAGE6_SE/boss3_4_22.wav,65540,0ad90987799cf2265edbe7d907fbb16abd62e0ef3f2560d6f83114ceb5da7e18
sound/SE/STAGE6_SE/boss3_5_16.wav,189812,acaf8a3121a1b7bfc3835769be0735804d6f6f9ba919a9ab34cd8f285b4797b9
sound/SE/STAGE6_SE/boss3_6_16.wav,164484,8b51941a9e37932055ee6e6453fca296943a980f81e93b0b827367fc447bd9be
sound/SE/STAGE6_SE/boss3_7_16.wav,187120,df082c6ea9d02844c4a408f94e8b36644e6a8c2aa574f63c3a71628e947e7067
sound/SE/STAGE6_SE/boss_bit1_22.wav,66328,67cf78e0126e4f3a16cc4a70ffbff35ab5ac805a9098fcd2c51f075a13b6d2c6
sound/SE/STAGE6_SE/boss_bit2_22.wav,33492,37ad8898f63870ad02603e52bd01b6980c28b9083cd901d5a413772ea04a4087
sound/SE/STAGE6_SE/ele_bell1_22.wav,83372,135c79952b3f5dcd26bf15ce35caa9ccb3c0bc874455067cbfa12de93dfcbfa0
sound/SE/STAGE6_SE/elevate3_11.wav,64996,c83ccddc55ee5182d03575b2fe2ee843bf563cace7238ff74ac523e89399a14d
sound/SE/STAGE6_SE/erevator_16.wav,189600,bd0dd15c7587436fda63e49302a4a17168100c41d117fc6bdfe307fb7973f842
sound/SE/STAGE6_SE/erevator_stop_16.wav,107480,4e38e55b199ada5555156f05680a81abc28fa0251f88bd1cc258f843db00d48c
sound/SE/STAGE6_SE/explo1_22.wav,118592,8c3ca74ae04f207f853a11af82f6292fd06c113232f4995d2ad6ccfa5f93debd
sound/SE/STAGE6_SE/kiai_long_a_16.wav,167132,58fc8e746c317e5a1648a481a19021f59a96102e09addb1320f2373e28dcc799
sound/SE/STAGE6_SE/kirituke1_22.wav,32808,ecbeb8f9e01525b2b13e79927be3a533fe6f0c238513c68bec40b710613bb1f3
sound/SE/STAGE6_SE/kirituke2_22.wav,53482,d618fcf6987ba5471273991d11b1431b69093ce654400b491b0cb9b98227c33c
sound/SE/STAGE6_SE/pishi3_22.wav,37008,05c6efeef474446d92706e3ce4750cecf3ebfa81d8df696cdc389b24ffb53078
sound/SE/STAGE6_SE/shatter1_22.wav,25396,9f548b4291cb872985ce5628a9489a65ca0bcae7c2cb8965d769b453e1865264
sound/SE/STAGE6_SE/shatter2_22.wav,42424,294b44f2f7e4e07298593d3ea573f05cc58184f22b76e9bd9f9690259a831c15
sound/SE/STAGE6_SE/small_boss_13_22.wav,126150,1da6eaea6a7a86bb2372b360c80a71fc26ba2e6836d3052a6fae3391419169f2
sound/SE/STAGE6_SE/small_boss_4_22.wav,16686,b3b8952663c02524a01c7fa02bca8fc593d8ce6ed527a1b29a44512434fd2655
sound/SE/STAGE6_SE/thunder1_16.wav,160580,4826146bbfcca614f02bc72ae34940bf0f3b471ff395c09499751c3b391b4459
sound/SE/STAGE6_SE/wind1_11.wav,173748,c30b2450e8e38f69bad0fc8ea2d3552d4a5e58ba3ccc6fbae06cbad8a208d77d
sound/SE/STAGE6_SE/wind2_22.wav,119360,e2648cb306c7369b8d16e9648833c97732086c42c8cf0e5088815daf3a7834a8
sound/SE/START_COIN/coin1_16.wav,82740,85b857ec9963e074fa62ba5e33fa5ae55c09bbf4d69477cc3ecf2227152d35ed
sound/SE/START_COIN/start1_22.wav,126000,92044247712ea9fffade70d892d152379034dbb03aecda4114948d48eace72a9
sound/bgm/ADV_AR.wav,5573882,50f9e07b12c7ab8eb0cb5d1e3d0b3d9dff67f5e86894e882a985517565317763
sound/bgm/BOSS.wav,5585056,c260b30b74108e7dc9b8436bb6683f2d41d232f7c8b7ef05c8d6bb4551b58320
sound/bgm/BOSS_MOD.wav,1448880,021e7e1d1fd648fab9ca05a260328e2eedc37b9a909954f3ae12c0860820eb9f
sound/bgm/BOS_AR.wav,5591936,2c573f3e8b0bb52efc8006c00f1d8bd9a0dc1ad7ecd148fafd179712633c4c3f
sound/bgm/CLR.wav,1659914,d79e5d6b2b10e5253cc1270aa5e01de378d839ab554d322600e4679d6737e3e2
sound/bgm/CLR2.wav,383288,7366b7efa1fa714216eadf606eb2ccfb468122c5cf07ecf40f22dc7d3d1d6aff
sound/bgm/CLR_AR.wav,1751490,e433344e334a191a5a1e623e9241ce9eb038b2ed0e6f4b769b4b7656688b06ba
sound/bgm/ENDL.wav,9468860,cc0f7bb3059f50eea5b31f77ea692baef6038d6883fbe3978482ab0e3e5db314
sound/bgm/ENDL_AR.wav,9429946,fe781ceca18479bd5bbbd1022a69b09d0811f77d33829b17976439e1f766904b
sound/bgm/ENDS.wav,8139576,b0dc19d28227c39fb399121281c3095e4e4a84b23547682372612322db2af4c0
sound/bgm/ENDS_AR.wav,8232882,e97aba7bf21ac06f0ac4235ded8c96e73e46db2156920d7818b4831e60b1a3d7
sound/bgm/HOD1_ADV.wav,5467192,a276f4d6fbe839cdbcb749e6b959b96f891daa0ca0b9106e4c481cc966d82b65
sound/bgm/ITEM_SELECT.wav,3530000,886bd079b925365833026f2e961b44d9b8aa17ccffa4d04fef2c76fc37b58559
sound/bgm/NAME.wav,7528900,e8a1fd623e10801c4d82909e9c52fb59a367c622faa52ab59f3c0eac48de882f
sound/bgm/NAM_AR.wav,8458432,552915d858042ce0a9294720f8400c4492b5bc725483667b9e1ab03b4c4802a1
sound/bgm/OVR_AR.wav,654526,71ff35536a663f7335e46d04c82a0a681e8f39889292c9e5f2c5872011fa4823
sound/bgm/RANK_MOD.wav,8228270,11be3f96e0fc0b8ba42c744bb05a3b71eb12d77a9337bd1ea6baff221733409c
sound/bgm/ST1.wav,13350110,acf2316d7fb634c5470f81f4cdeb823b32c265c51f3e4233599b856b954ee3fd
sound/bgm/ST1_AR.wav,12941854,4f6effe6784ddab6bf97eca92992da5417fbfc7f320071663b28c47272633728
sound/bgm/ST2.wav,13930110,a67b8d0c1bffbaa0e387f924ae559ee517ba8ce4e192569351098996c68abe06
sound/bgm/ST2_AR.wav,14069076,d7f50df80934cf494384c8758b2a20c05d8cbf4ca2846f79baa83db8eae9f9b7
sound/bgm/ST3.wav,8024308,76a2d160d46abc3f046458bb3abe32b5cd6b605e30216430f58e81d1ff84e7b7
sound/bgm/ST3_AR.wav,6774688,28a83f82d10e856cff819fc8cdc0670207e56f02b0810a3b641b1c8b750035c9
sound/bgm/ST4.wav,6882516,8805f35be0729439e1cdc2ac78ab4a7104b2e06131389cd1e035e611f7c41715
sound/bgm/ST4_AR.wav,6898852,f77bcfff269aeab77a6e29a7525f9af8c35b71524877bc6cb4c81a44c041d059
sound/bgm/ST5.wav,11582128,8ace60619323ad8414805f0b03e8483f98a5e40da1b5f682b6b0f33fd941702c
sound/bgm/ST5BOS1.wav,15136922,2099e133e6f4ad9540a3c473a584da392752db9eda725a4bbb7c4fd0128f9498
sound/bgm/ST5BOS2.wav,9323038,93cd4515dbf94fbd8aefb1ee536bfe2e389338b7d8ad5178dad742953df436c3
sound/bgm/ST5_AR.wav,11628756,f8013040bf4b027d2df025710564b5da21c861c1e541df144095dccbb54d3caa
sound/bgm/ST5_BOS1_AR.wav,11187826,0ffa69879ce59bcb3a1724a567b8eaa71c8f0945716a610de2cfe75af19f5c8b
sound/bgm/ST5_BOS2_AR.wav,7372822,6c3b6730c9504ae5d051a771a86828f3ace86524ee2110ec97ae0f2c95fead2f
sound/bgm/ST6.wav,6498224,a51907df5efb67a35fc2bb5b773707524eaa0d811aa9421a2482c21c86329169
sound/bgm/ST6BOS1.wav,2554102,287ceff7a0d97c9dd945534752e61993cba208f5e1d031eb92e146f8429f9a47
sound/bgm/ST6BOS2.wav,10660738,6cab5d9b92cd9baf402caec52252b3e334ad48b4c3d7232f8fc21a22010565b4
sound/bgm/ST6_AR.wav,6513104,2d50f72cf1f825070a615107359c43be3dfc2b9fbc72e27b1dd6e90ad73737a1
sound/bgm/ST6_BOS1_AR.wav,2205366,ec0d0e925b72df77709cdd62cce34e765c5f3c813620c3d82b75f658951c5837
sound/bgm/ST6_BOS2_AR.wav,11171142,90844980326e1556207bcf98dc71ddfb70de784ff6d068dfe30e4d535c74ec3a
sound/bgm/TRA_MOD.wav,2894212,d2b7a7932de191322006fb1003eaec9aad76d748989b191a49d95b85a1305a7d
sound/voice/com/188_3_Ga.wav,51768,99f3ac71be083833a20de4619fe45ced7fcc4dfd33ac789e49032cc9c08ee8ff
sound/voice/com/190_Y_W.wav,90424,c090ca7bda14e40045542f29cd70a3c2e9e6ab864bae37af3e7fdd375afe8859
sound/voice/com/200_C.wav,110356,01bf8a9b39fae5449b97075a89efdfdaafaa5f45a42856e0fde0254829de3241
sound/voice/com/200_Y_W.wav,42392,b41251464b3b50cca40a62d2fea3596ac893a536f754b608438537afc2f1a7f2
sound/voice/com/201_C.wav,54440,71eaf115bdc09c0e8e06df84eef5beae0b808e02d04b5ea3cc0c0e5d0f924ada
sound/voice/com/202_1_Y_WA.wav,54500,4a3507a70278eb9f3e6d0cae7c58ae55c79daf26f796e146c8f8363912f36d80
sound/voice/com/202_1_Y_WA1.wav,158108,45a1f756cb47d645e7a3bec7777089add136fe9e95cb43629f0e4f06f0fceb51
sound/voice/com/202_C.wav,121016,543b0a6fd9338a3bd8970cae9e9326c74cc63c0659c645c6d4acc50715ae3bc3
sound/voice/com/202_OLD_WA.wav,131720,e78a60a2e32250a5ec8602a78a01f985b56755ecfe29f4f2d24424f895e4b9f1
sound/voice/com/202_OLD_WB1.wav,58504,bd8b37e55a9efcf090916bae19ad8cee0d352012c1c77e408a6c30ec4a84e7ed
sound/voice/com/203_C.wav,65792,9c30b8871c80336daa37180d828902718ac61df4edb4f79071f7d332adbce89b
sound/voice/com/203_OLD_W.wav,109172,65236173195b05efae6bc3e5e8c8c21ea680135842c9a2acaba0dbfc4ed220b9
sound/voice/com/204_Y_W.wav,202040,76940a998264d3b1fefa6434729e8403095fa35e9d3af47dccaf27d413dbec07
sound/voice/com/207_OLD_W.wav,208040,6af4e17cdea13b8a71c5b20245e38a03347abcc59c89ee9a310895dc72f8721f
sound/voice/com/209_M.wav,95732,5025e832a5ec04113dbeac2a77116eed7c47ff2e4c435334f546a0cebc1de1b2
sound/voice/com/210_M.wav,32440,7b797fccdd5e93f4e1e1dcfdefe38a34da9c8849a5ffa4a0123282be19ce739d
sound/voice/com/211_M.wav,99388,d05360f83bf968aa8be2dcee6a512c943f18607e849b900868840cec3028cd38
sound/voice/com/214_OM_A.wav,239476,95eb3d3712279d3cc73603c522bdbe7f483331a426647cbcd30d2ae4bb935c9e
sound/voice/com/214_OM_B1.wav,115452,c9246f488f4fde5a801721072e6a2369595d301cc94fbfc76aa9582f58d83283
sound/voice/com/214_YNG_M_A.wav,174300,5708f9a87dda3a29f85daf3bff290381a213ee752bbd57cbd2a1829e9475ccfa
sound/voice/com/214_YNG_M_B.wav,87036,e69ab6c1c2f7f6118aee4f412416c4e0db10fd77febe52e69b0e1a5f3bbd05a4
sound/voice/com/214_Y_M_A.wav,154964,287fc194c7fbabd9726e5452669ab12f9cb6551a9cc688abcabf3b2476368aa7
sound/voice/com/215_Y_M.wav,107892,95f1ee0806e7e35b3052c8fadc18aad136617b441d09d52b445ed8a457fd501b
sound/voice/com/220_Y_M.wav,114568,c194d174836202774a2e3bc49852eb051dcff271a34dc3df2e5047cc73306af5
sound/voice/com/221_OM.wav,48248,bb0a0993f6973a9f0d856a991e3a4539db4d03b785e38e8f9f6cb676d672ed2a
sound/voice/com/221_YNG_M.wav,63032,5903d3867ec1cbcef6abc0fe09563ada1ee82cc21f7eb4a29f23ebfce9783d3d
sound/voice/com/22_Ga.wav,67384,4a98460abba79e8c86e9a04f4c56bde3f5fcec12ad5cb1d8801183002b470eaa
sound/voice/com/22_J.wav,95556,efc9fef5708b12372df43468ed1c65ed8993fbc226db0d0ca7c62af2583aefb8
sound/voice/com/25_OM_AD.wav,115316,0b4f0e2ce3ecfef09a6d8447bb41aab23c37f0a9a17eaf2a779470c2c7ebd006
sound/voice/com/421_M.wav,44696,940adebbecaf63ebaea540146a6b2375979ac6764e2727cc7f29ae757ab267c6
sound/voice/com/421_M_YNG.wav,30044,5d23ffae288a540d43e681144afe66ec5b3aebc7ad744f30080fead783111c74
sound/voice/com/422_W_CHLD.wav,40624,6ecac02f943d7580757c7a2fb8a4acb4685a06cbd7031de73fc62dc56159a06a
sound/voice/com/422_W_OLD.wav,40844,0c6527a42d6b0c72280b97d176e4c7e8e95508f4f1b987be21f2ec1de3ddff98
sound/voice/com/422_W_YNG.wav,42576,bd347652cc398375fd0e5465815b857da1c56cab47bf35f9401149e8c9f50af0
sound/voice/com/49_C.wav,145216,3595c099a2aee160d0cb42db6ce47a193d24ddb0234f3bc8f16972c642a9490c
sound/voice/com/53_M.wav,104160,d959e5d193f1702795fda8e680825732dd929fa9d8e9e3ed9ce2b539105b89fd
sound/voice/com/53_YNG_M_AD.wav,137016,16dbe4bf165772a45c5972b60cc5931aad2fccc4037609f3fb010f325e7b55ad
sound/voice/com/53_Y_M.wav,109676,e7ad43a5027fd85f80c7a73c79c7f60d86fd9fe8995a5f5b66b36b53c3fc409d
sound/voice/com/56_1_Y_W.wav,156180,39b042421966f8bd9912c414b08492230850912edffdf27f4f2bcd95ccb12a75
sound/voice/com/56_1_Y_W1.wav,175292,76c52c40f28c661a51550f001cf21f50f684dd89eee5b0558ad14c69c1e58538
sound/voice/com/56_2_Y_W.wav,156696,bee8feaab57edcfffe2ddebfb907eb777457ed61aba2f8c784017edd8f712edf
sound/voice/com/56_2_Y_W1.wav,175872,e161e1d92b7a15e993aab8349f52ee6477678661342fe5b2fa4a8c8f70379f16
sound/voice/com/65_Y_W.wav,177340,fbe97969f813839ea5b8f8b083acd43ec9a4b7f3bcde20a64cc3c4ff4ecc7032
sound/voice/com/65_Y_W1.wav,199044,157e576590b9725030e268bdf0344303eb8b4caa78353dde9f26013486c72522
sound/voice/com/66_Y_M.wav,138732,8cccdfb4ae9d6ded3e8da591ea74d91c95ce07d750c11e5dbff9186dd729bed7
sound/voice/com/67_YNG_M.wav,204312,f37c2547afb6da9f5431231816e0f9342d484928e94e94ef82f74250e2cf8d54
sound/voice/com/67_YNG_M1.wav,229320,8855b0d15f8a9a24660e2d523e569c17c51db29e45674815aff61537b6671a21
sound/voice/com/67_Y_M.wav,192056,d65b22924bb5c51aab64fa82e20f5e438d2debf36a83ceabfcfb6948ad8d6259
sound/voice/com/68_M.wav,88928,71885c4b89d0ff788fe8b2ff28d651adb8c6d1ebf86448399ae20e8ed53e4608
sound/voice/com/68_OM_AD.wav,89848,1965548e134794429aed49bc4faa1eeb31d6dd3e70e82bb1db1ff2d91223d24d
sound/voice/com/68_Y_M.wav,91956,170168b4eba24b9764f42ca50bc1cf2cda49decfb90f84095607072e838fd077
sound/voice/com/99_OM_AD.wav,105372,f2c4d4abe7bbf073b5b30df47dc0cb5ec812ab29d587ec9daa3a15ee8f3cf0ff
sound/voice/com/THANKS_CHLD.wav,48000,8d7f8d0d7cb4c19a62d3b9cd4f9ce8b580da46f7a754dd26eb430297a1889437
sound/voice/com/THANKS_OLD_W.wav,40844,fcdafa63b88f9cfc42c3e532aebae0ee4daf41f58b03ac9b8dd2a95b36bb17a7
sound/voice/com/THANKS_YNG_W.wav,45032,a03b2e38e4c5c7c1249f3c589b47a877a0b2de6870b2178cbb75abe5bf90b89d
sound/voice/org/208_OLD_W.wav,56992,415ece8e7e54bbf629f9ded7be2a71b55c4b4717243be749a3b9e65392540ebb
sound/voice/org/208_Y_W.wav,58572,23a78ae8a6325caaa2b77c6e486001e4ffe494cc1b0d996c37e3b2a960feb901
sound/voice/org/221_OM.wav,48248,cc0bf119f99282c32950122f720bd2bfe77901a763a2521d24aad0e3a5e73ac5
sound/voice/org/221_YNG_M.wav,59696,91b74567ae22bf523e31f9a607b9e98ebe03c77bb4e8620bfffe36c18a9b4749
sound/voice/org/221_Y_M.wav,42288,899d9e45876e9083923171b97861db177026b82a285fb13e24b537b6549e4209
sound/voice/org/FAILED.wav,54168,95457fad8f15f6b6c7e782fdfae4be182c2e23da1b6650e96e22126a5d35fbbb
sound/voice/org/GO.wav,61312,a7fbcfa6e9e4c8bb259d5bb619d42b35daa11c244e327cacb7605765b367f366
sound/voice/org/READY.wav,94148,024e8d63670622ca2a6c03d0708452d3c8ed45f81556cf800e57bbda1503dba3
sound/voice/org/SUCCESS.wav,76208,e60d4603414c86bbb6c4359b8b4f8ea6aa97ff2d64b094b0328eda31ef65a07a
sound/voice/org/TIMEUP.wav,81308,9df0411691c234622615f6c0e8a9eaf9411b53e427399998bdc67c655d7bcece
sound/voice/st1/01_GA.wav,109688,7035cdb5347f7db941b6060666b0a92ca73206312803ad647d2550ad81d56784
sound/voice/st1/01_J.wav,178696,9881d337adfa72205df75db1d34a7a7319de5a416799eb04d97c287ba5d15493
sound/voice/st1/02_GA.wav,21752,fa8174855a2343b016dde22aa1298d2f957fa4fe510d6505ae8f1b2d55593919
sound/voice/st1/02_J.wav,47480,3574be5d5f923876706a0fdec0bc06467e327fc97787a8c6883f837b752b84c8
sound/voice/st1/03_ZEA.wav,490616,bf59e6952c3ad14e2cbf6aa8f53685f543196333a600b32808a5c793dc2ab812
sound/voice/st1/04_ZE.wav,87404,501cf424bc2445199682359ab079a269766c87317c8dd4b3692210be1c5d21b4
sound/voice/st1/06_ZE.wav,68760,94487db5801ebae67cc213187229ce3c49f8c72b1c55ad81df2ff4dc03d137e9
sound/voice/st1/07_J.wav,86560,63f0eef3096d1e5afabab0173a9ca788cc2bed577263cf49c370794d3aaab439
sound/voice/st1/08_J.wav,100312,8c520e26db0a23e7891b87592a36c6dc52fe5427f577f6b65a7412aac4a982d0
sound/voice/st1/09_GA.wav,119224,9b62071c1ac7c038a26b3c548d59bef38d35854abbb53e4a5ff2c6fd9f3e8f03
sound/voice/st1/10_J.wav,190376,bcc2a022255bf79f64d02a6fd4c650a171a4f321bb3d6611742946e4e86167a1
sound/voice/st1/11_GA.wav,94264,e64e8d260749655dce8b17e0c5615d58691e8794b7fd72b0ebb40162acbde509
sound/voice/st1/12_GA.wav,35160,9d1dacf0b45f4bc846ac1068100007a44652b8cb67ec7488f1a2a50390b750df
sound/voice/st1/12_J.wav,38264,584caa28e0d6a5d77c2abff5d803b4b92dc744e74195e5ca69a2ae3ac4d94c8f
sound/voice/st1/13_G.wav,77960,90fd961b62b6debcf80351d20cfb36fb966201b10db9d11494a68840dfff22b3
sound/voice/st1/13_G_1.wav,212692,443683e37633f84e00022dced88fae8e7300525d3588ef6feb2b7091464480bc
sound/voice/st1/13_G_2.wav,183476,5dc412b67f4e8b4772290007730135f3cba018cd8058f21f9d03288620018e10
sound/voice/st1/15_G.wav,177288,cb170f2aeaa575b82162b55e8aaf25ee1237d40effdf490f3876f284e696acb9
sound/voice/st1/16_G.wav,149092,3152ed9f69c67be5de78471f555f32257e70b7b88fc907f932cfb8abdcab4f41
sound/voice/st1/17_G.wav,166044,f880763dbe478a9f531d7c8a39d79e8a609c7af97a04d30c4d519d60e2b7184d
sound/voice/st1/18_G.wav,235384,e84725206cde8648941c4ba70048088204d493d22831ee3f8051c85a892d8d44
sound/voice/st1/19_G.wav,145208,58f39f48973a73ea7de33bdb9c28ae452ba8defa6b998d0c99ba10405c2831df
sound/voice/st1/20_GA.wav,57232,a8c2a0cb3c6c84d9ae5cc4c703f11d38fd5aa6cf0ed298b6b03f5bda4592d61e
sound/voice/st1/20_J.wav,60408,b3b904f31abcf24da5c26a17e14a136d9aaec57d604dbfcb4b0144bffc842024
sound/voice/st1/21YM.wav,236334,4c1698862ea7e401b7946a90683dad4618e8a0677520ecb21719c3989d71ab7c
sound/voice/st1/21YngMA1.wav,112616,77c117a4ec48cca929615f9e0fbd9ec791f100f2c766e003b020c7d8a9f39210
sound/voice/st1/21YngMB1.wav,178220,1f2a69e7aa7cf20b30276b80ba77a8440c4f01f061a45153d65f209c0087c13d
sound/voice/st1/22_GA.wav,67384,d28185653ea31133033f9c5d39422d60abc37637b878847f4c83273e8eafa93a
sound/voice/st1/22_J.wav,119912,e49683894318dc245f98a85ed2801a5534d56efd2556159f42832c8d6381a693
sound/voice/st1/23YM.wav,202808,dfe6965cf2b734a95b5d62ba2569163b2e543fd9b57c9f38ce4096fd82e1aaca
sound/voice/st1/23YngM.wav,230520,fab43e6f01b286418d6ccaf60982f908030c7c720a55a7b41f1a98811db6b038
sound/voice/st1/24_GA.wav,134736,06f25b5eb73339fe6d7b3bbedfd9403fe1ba809d1463eb7bde7ce99ed1a196c2
sound/voice/st1/24_J.wav,170776,6fbfbc337f83b9658cc6b80d0311e83ae852c9b02c72dddd7716e2789da10271
sound/voice/st1/26_GA.wav,133196,82a5847e33f720fe0bfde5879ee67fad6ddb1168e9ae4e6036f90685d93b3350
sound/voice/st1/26_J.wav,182400,068b8bdb3f5ec61b9c7cc89d14734f533a3df843259505212d92e4c51a549dc5
sound/voice/st1/27YW.wav,172216,232757b5957974733e3011003d52504b1c715bb2810ee3c80b495056ba46199d
sound/voice/st1/27oldw.wav,203548,69ac9af6cc9eb18dcf8d1603f3c7c7bf6203eb392705192a00395632fe663cc3
sound/voice/st1/28_ZEA.wav,382556,f5b67d7097e83c03adca8c9cd16b46c2c98cade2db9720ff08deff65abdf317b
sound/voice/st1/29_1ZE.wav,152056,b00ee14caecaa45f3bd59311e2d84c8248848acb1c1fb37434b0d9c42622fa5a
sound/voice/st1/29_2ZE.wav,207016,03df2898a23195bc43d8840cfdcd341cdce6cd085be170424e091346891a3b9d
sound/voice/st1/30_ZE.wav,120392,755ee7c568e54ac88dceb2d7762907e29a1d172761915d1185eebee385998db1
sound/voice/st1/30_ZE2P.wav,150120,d7d81be0edc791f51b45f1a0c604726c7dd305ff492551cc6c4cfe1398b470f4
sound/voice/st1/319_GA.wav,176056,00949d91150f083e0896c123da0b07a35e0012a9d26620f3827ae73ac02e29ea
sound/voice/st1/31_GA.wav,86296,f806137b8c69f6e4c1efdd363210fc25d8341b99489a57e415d8efc34768f5dc
sound/voice/st1/31_J.wav,127216,4bf1273d20e78e853325c5cfd9b87749290c55b0863773159c6b12e648dd8ab6
sound/voice/st1/32_GA.wav,135216,31c26331515962f499c6384b15c8b1b4e549c10b7904963810ca4554b8ab3fec
sound/voice/st1/32_J.wav,154340,5794a177e97c2045c1b04f26d5b2b1f2bec2007319f686bd63e4bad7b12774b3
sound/voice/st1/33_ZEA.wav,389052,8afbf9748a0402513803a90222ee8dc6865e479c4c87eacffb45892440071a03
sound/voice/st1/34_E.wav,55176,777c114a88436ee5eb3d63cd810d3d45ae06a2aa01ad37e989d361b7ea26deef
sound/voice/st1/35_E.wav,46520,7c70f7bb54f499a7f93169bf95936a4016bfd7ada6afd96545c11ff4edacdad5
sound/voice/st1/36_GA.wav,99324,b482c44713898f47f3c34e736b7925d0e412af3a9fccd952d0bb82536322ef59
sound/voice/st1/36_J.wav,151752,3a6a6ef818af1503ac8a244fb56919c206591c867ad92923198c50cb31ae5cf0
sound/voice/st1/37_E.wav,120908,4df4dbf7ea2eb85ee5551d4b797ed3bd045be8ad622faf762955b790da3d4d9e
sound/voice/st1/38_GAHL.wav,137784,5cf7aee3883da7c76f5371023cebb93fef73daadf0df2609aeb642c11f00888e
sound/voice/st1/38_GANOHL.wav,116024,4b7078b99d3b42d1091f8e907906ca8f701ff77505311a94712067041cd1f1fb
sound/voice/st1/38_J.wav,189492,3ed01ddd0f720eed8e1bd5d292b185d2bb182a55264d2d9eb8fb1ea1de4f4732
sound/voice/st1/39_HA.wav,309828,7d47cf9097490d65591f0237db1552faa3708661d146940a881a1aa4cbe1b4d6
sound/voice/st1/40_GA.wav,70032,9bc1082b017a1380f7995173a9e0087242cd052016dfb8c7511f002cea6858b1
sound/voice/st1/40_J.wav,81200,578d108946ab7ae5dc8865bbfa60ec5c7e0ba40896db5a6d1ff0ee1cfe689f58
sound/voice/st1/413_GO.wav,153532,e42b8e46885b91bc35a263dd22ee2a9d9a125ac5d685c0289a9a47879072b55d
sound/voice/st1/414_GO1.wav,123012,e6ae04bdc5730f28348bad512caada6b4d899839a09506f6db35ba0ef1f047af
sound/voice/st1/414_GO2.wav,136304,b19860d7d76605be496005dc07a0266a68fc6e9d7cc2dbe6dc2182b91a5f6592
sound/voice/st1/415_GO.wav,183180,e05f84bb2d8fcafcdb68a7dec5b55e68159c420188087f381f38efa9bf9d4cd3
sound/voice/st1/416_J.wav,151760,8a92cc3ad5854083de21bc800dfb70a64c01c827c3f34a3a6f1c862ac8ce2a96
sound/voice/st1/417_GA.wav,60356,36d2e9c4b2059342b41caf7f028d048700269e236270ce1a25f2d21380c3461b
sound/voice/st1/41_H.wav,217224,f6781171b5b52493f079e880ae4de6f6a941e3291226884c8770fda21cd7a7d1
sound/voice/st1/420Wf.wav,132716,ae078f5e7d150ed501a16ca539ee6ca23024fff24d8dabd1a3fd05fc7b8bd506
sound/voice/st1/420Ws.wav,182768,f3c5bbd04a126d2f7ef595209032b6dd0ea15a9d13edf18f85ec5ea09d9bfe80
sound/voice/st1/42_H.wav,221600,464ee9a6c1bdaac404e4ad871ac19d1294680745bc257b1c8ab3e03aaaed00ed
sound/voice/st1/43_GA.wav,41272,b3db46871fba7546aea8a816c8a1294582f22e394c4a2cc3e6abd354008d23b0
sound/voice/st1/43_J.wav,44828,ec4199816be9a9123350c98b0986443178ec4c0eff98bda768aa266b9e486b52
sound/voice/st1/44_H.wav,130376,e0e39ea8ca314e0d4f478c80307fbef723c9fa6a66dba8461d7fe9b7e48077a6
sound/voice/st1/45_E.wav,122528,82dfdc1585adb5e871596cf9cf945c46962d37fbb4783437cd950993f9874c1b
sound/voice/st1/46_H.wav,117656,f38cccfc633c70ab7a7c6e02f81d639271089ff22baa039f5e473eb09464c571
sound/voice/st1/86_J.wav,79772,99522ea80971c7194bc5310cbf7756edf98ea334ce0ce0d67321dadc8af59372
sound/voice/st1/G_Tuika.wav,197056,069871e60157b130d969209c9b2566f91f5d7734b8fb506b27737c5b051922d5
sound/voice/st2/100_J.wav,163700,bbcea6bb91242ac60fc166934eddc62be461146c429829ee46bf009ea45417f5
sound/voice/st2/101_GA.wav,228152,9ee88c7daa0b9833c3e1280b1614584010a51c50031ce4c4a702a5c23abe8611
sound/voice/st2/102_H.wav,45176,70b95812ed30f77e046b020859ca025fcd77eb2523d6a17941d5a7f4e20dfa6c
sound/voice/st2/103_E.wav,44760,f4b5650c0a10448804c3970fc68183f6d33bd28d18bde2950e077df3caa15ac1
sound/voice/st2/104_J_A.wav,295724,c0129775a173047b9126b80065bfed4b0f3993e5754d6aa3a4d912d2d23c5829
sound/voice/st2/105_GA_A.wav,309560,a5bf0144f85ecc6864fcecc4179a1641a76ed57912ae972b10afe978f54a5be9
sound/voice/st2/106_H.wav,202372,2b5ff82f2f2d649ecebbddea65aec447a789c3401bda87f828cea43e0c9f412b
sound/voice/st2/107_GA.wav,129204,ebc17df02ec62048341ddc962f33d0ca865e5cd426d5f72bc230b2914f96bee4
sound/voice/st2/107_J.wav,145688,537a4ee790a4a6c2b44783ab967355e4bb18e2fa3e3c1e38c91c20faa006fa0e
sound/voice/st2/108_GA.wav,88632,c8707d0e3af9d284aed262d692a6d41adf2749e6ffaf3aa58e2ef4923a8d8dd8
sound/voice/st2/108_J.wav,122444,9ec411026405571879baef3ca3a9cabd7b2a2513fd11c804fb9c6aac6bda6a94
sound/voice/st2/109_H.wav,127860,4637c6da257b549ffc2b70f1ce3c37d0bfc75a54a935a546c9c581a6ec93ff6f
sound/voice/st2/110_1_E.wav,123960,c8957d4485fef672b0854298749fd155110b6ae4aa6778fb5e1e3c42266cf2ef
sound/voice/st2/110_2_E.wav,134348,0deb65da55f615261661c0c5b75c0cc2367d8838f3242e64bbed661442ef880e
sound/voice/st2/111_J_A.wav,304612,3ab3bc277904bf992fc3af9ded697c5bfe4eafab833e3d0ab021080d9a82ba36
sound/voice/st2/112_GA.wav,260480,81a2c557985f3bbd96958b505347fe5d52cf69cfa908600eb94076eea89d7a6b
sound/voice/st2/113_GA.wav,181304,b6ce4ab00c95c0607cf8b6960b13bf0f9efa7681a9e7745a573c1c10006c1d35
sound/voice/st2/113_J.wav,226252,8113bd846aec01311eb4eb16566469c05728e36237753619bbeaaf8c788f1119
sound/voice/st2/114_J.wav,249368,897c433d75634a12a05faf803dffe8494737b4c8d8199f79b62ae7b594597c61
sound/voice/st2/115_GA.wav,147192,f59715afa4a3a655810f16beddd06b358ba26d09619fe205a8a12e4d1eec3f87
sound/voice/st2/116_GA.wav,50600,9a5df1ae646ec97066c8e1d2cdd257554f65217ee9d0a281366ced3c61c45839
sound/voice/st2/116_J.wav,62984,5fa4699edf7a90b60587cb8f8dace2f90669a74d28bb9ceaa72303de1f63a642
sound/voice/st2/117_GA.wav,28504,299ea7458739c68b7ae512a672244ad3dbf8b2f5532e10ccf56dbb6ff34669e7
sound/voice/st2/117_J.wav,43440,6e1bc2b1e40525825e5161aa9a9c2de02810631d40da915b75a60053d145d599
sound/voice/st2/118_GA.wav,40000,1ca504abf94f80a048affc3bef8c6a393011a81bc1648699cb193867836fcd6d
sound/voice/st2/118_J.wav,44088,ba2ef0d70e0a6f17b10727e8288a90da3f232e9a56ce5934a063eb47e0f83bb4
sound/voice/st2/119_Y_W.wav,161240,1616bb1f9cb082657f9f51ed507cac4f147dae0f1f5b93ba2587509859b5638e
sound/voice/st2/120_GA.wav,114548,b25ac7cd2f14f6c6e308f2aed6d3ecb59903f56e7fbe660a436328545dc47682
sound/voice/st2/120_J.wav,133204,1ebbbe98a87cfe8d8a95e5079fece98de16aad0796a4b5a407dc0288ff31aa1b
sound/voice/st2/123_GA.wav,146220,f5290513fa0dce75158eee907a966ea40f4b994e1e036c961e47ddd46e573cc8
sound/voice/st2/418_GA_1.wav,134024,b0a76c0664db8f319ef85c6224e55c940a353f579e02907505a4fae112560a56
sound/voice/st2/418_GA_2.wav,60708,13dc8259eb863cbd1f71ce5743d2c7ee9742fd24a592568f2c4127cee2b7a16a
sound/voice/st2/418_J_1.wav,92968,5eeb57e84370f01bf4c96d0bb4e675a85e032acfd7bafbed23c633d86bc33eb8
sound/voice/st2/418_J_2.wav,87456,bbd0753c2e5c2ccfe4a06fb839796cc877105765ad79ef164dce1e89deb10566
sound/voice/st2/48_GO_A.wav,285876,88610c5aebf68aad9ed22c40a8e443c2fbd2bf866645bffbed61df4b0bfb9cd0
sound/voice/st2/49_OM.wav,133248,bd9f95074662534211dabd3b10068a5680d25ed50351e412db644d57025ff801
sound/voice/st2/49_OM_1.wav,158456,f414bc95af29d8516af39777ad1c2b0f46d740bc05c5299eb74a27ad8ef1e67a
sound/voice/st2/50_GA.wav,59056,ae40aabf8fac8b20f3f54d1ce883b6ee0e6196d3757ac31c142e2f3dd52d769c
sound/voice/st2/50_J.wav,60644,7a0ab5a8bbdc93ae3883743fb522ef571e9df887e7704b56bd485be10e320d99
sound/voice/st2/51_J.wav,126672,ff0521dccdb1a9cecb5d5ffcaaa5bfa17943262cad73e6222f1d87c86651031c
sound/voice/st2/52_GA.wav,21984,982e2e0b1ddec6fbc2e7f114599340a3f3731170e86e58af98887d97166dc124
sound/voice/st2/52_J.wav,55384,5e1263221cbc22c1138496bddc800d60f92e4c040fffcc8b6c2beac983912d24
sound/voice/st2/54_JA.wav,361396,65c368b9e0e18c04f7ebb795445f4003dc234b3ad53a637091df3423938845b7
sound/voice/st2/55_GA.wav,133232,58b02ffc34152984617106dba075561b8e52c6eec5fe8603dfc32353135191c8
sound/voice/st2/56_1_Y_W.wav,156180,479ef5e8a044afd4ad3e5975ddeb0af1072bb65bd2a6c9ce35d3608934987e38
sound/voice/st2/56_1_Y_W1.wav,175292,76c52c40f28c661a51550f001cf21f50f684dd89eee5b0558ad14c69c1e58538
sound/voice/st2/56_2_Y_W.wav,156696,b5533168282dbb8277714332afd635ab5f5b3db0b35c9563a8316150a6dc3ce5
sound/voice/st2/56_2_Y_W1.wav,175872,f27274f53a1277d40ba027ee8100808ed9fab0b380df6f9e7e7c46151b68bee8
sound/voice/st2/57_Y_W.wav,110372,18c13b320802368b6dcdcebc717e3bf6b48393cd3dc890458cbd07de0276e152
sound/voice/st2/57_Y_W1.wav,123876,8e51d2c7ec42f52eb3674e0705c55794b363c02cb721313473c4f0f6976a53c0
sound/voice/st2/58_J.wav,139016,3bd7da0ab7b220aee4fa99789fa33df4026658210bd683cf348a7bd33b2dd6ed
sound/voice/st2/59_GA.wav,52400,b5b0c282f287c989ee6e7abfa85b70606af3f2ac682fd12ef0f4e66fb7896965
sound/voice/st2/60_TV_A.wav,584336,d80ed158fbf3aa795ca247f29523f5638fb5db97c0fd6cca66bac497ce146281
sound/voice/st2/62_GA.wav,58696,84fdc5b6e99d46487f1059fc6557bc9b05c4e2dc2459625153c113a0350853ab
sound/voice/st2/62_GA_A.wav,68244,20e93891c796af0f5942d2d0096c31a41801e936028497af87d5e634f604f70c
sound/voice/st2/62_J.wav,86652,1721ef91dbbcca4d461efe426814ecf95a5bab25a401e6fc6e3042d2da2421c2
sound/voice/st2/62_JA.wav,104472,1f9cb05d82376c18415beb7125fef325ca29bc62a191e0407c8650c36c387b80
sound/voice/st2/63_J.wav,81096,5a0bbd6e6491813c3fed902c7dc054a370835a228eca25b32c53de42597553dd
sound/voice/st2/64_Y_W.wav,127936,b683de3160e2624595b4ca12a425a1a284b1b1aa4b7f684ca4168a8be6a6c2f4
sound/voice/st2/64_Y_W1.wav,143388,b590eb7886ba2691a1cde38c969640f476b3c49aa98290884df6fec0167c2536
sound/voice/st2/65_Y_W.wav,177340,167c4fdbcedf4a82a658f486cf251c86ab15f9cf7d8c967600f8c7da73cb8bd1
sound/voice/st2/65_Y_W1.wav,199044,157e576590b9725030e268bdf0344303eb8b4caa78353dde9f26013486c72522
sound/voice/st2/66_C.wav,110620,fe7442aac443d288220cf0ee5940b3970b0c1f727e1e48b63481adacb20a79c6
sound/voice/st2/66_OM.wav,145724,95f658961feb35108c31b58a3fb66107a9b6486f3a5c4359bae3631271a96731
sound/voice/st2/66_Y_M.wav,138732,8cccdfb4ae9d6ded3e8da591ea74d91c95ce07d750c11e5dbff9186dd729bed7
sound/voice/st2/67_YNG_M.wav,204312,f37c2547afb6da9f5431231816e0f9342d484928e94e94ef82f74250e2cf8d54
sound/voice/st2/67_YNG_M1.wav,229320,6c66b12956045ebbe241697e51fa6bc74bd3f1c144754b12f05ae7779fbd6ad7
sound/voice/st2/67_Y_M.wav,192056,4b0bf3f6b85d77dd4b3e5acd626aa67170d9f5a0956dd87c7fd20ad14d309254
sound/voice/st2/69_GA.wav,112312,6af1ba30b24572d53fe10fab687daff4e1e27349d85c1796ed2e87917425eb6b
sound/voice/st2/69_J.wav,110712,0ec75313898501df741faa2db5094fd7002ffb3bd532b484c388a9f039b714c6
sound/voice/st2/70_J.wav,67920,0e2dc823821242d3878121d5b5938ad482dda1e069a65d4afe9dcfc22b81a9f6
sound/voice/st2/71_GA.wav,76696,e64eb227f4cf01b4808d91c03b50104bf1639077d7ea8da4857c6caa0774d898
sound/voice/st2/72_GA.wav,154652,432079dfa53d1a98d5231f549b271da6926ed94d92d23e7272cc7f3bfb0b234c
sound/voice/st2/72_J.wav,205688,158341c84a0e7dcdc010550f0b7564bb0ff4b30765f11eec9e6bdb5bd697fa00
sound/voice/st2/73_Y_W.wav,262120,6757f13f628679588ef08af86579931c9821d1ef02417bae0b76fb619209597a
sound/voice/st2/73_Y_W1.wav,294204,dda8cdd8f4a9f7e572556448fd6e7030e1102cbde171be5b84e9082e60335ca5
sound/voice/st2/75_Y_W_A.wav,319868,397b369c7e6b70f0b7a24a7812a24f036c01b9e6dd30e002a05d3662cdff01a2
sound/voice/st2/75_Y_W_A1.wav,284984,7032d26811d4c5621d76e7fafc63fa28d73ca86f56c83651f01c870c9b247010
sound/voice/st2/76_OM.wav,75520,8620d8e24cb1c5afdc1abfecc8532f38b49e8ae98773e2b9c12c2f717bd56a4c
sound/voice/st2/77_OM.wav,157432,c9edf48d5e714946ba0a004273a98352c91fafe9e10e4092c78d6405e54eb10a
sound/voice/st2/77_OM1.wav,140472,20b24c4ef43332bc2f24d2aa4ac5d8194e54a51734fcc7b918e8bfd02de8ad1d
sound/voice/st2/78_YNG_M.wav,245304,bd38c860af4356e5eb3bced7c8194a1d8639857664eb03fd26597c2cdc6ee4b0
sound/voice/st2/79_GA.wav,99256,2962923d8516ca266ffac15ad4e0541d4d71a18cdbabf7fe453f5cc527721516
sound/voice/st2/79_J.wav,133336,745aefff8a974c502c34c53b5f9bb565884650611475875e11b6bfbd139c722b
sound/voice/st2/83_C.wav,130008,2411c0a5c2723c038fa30fa8b8173d00c0ab0406717a037fe4f235981cbbffdf
sound/voice/st2/84_1_J.wav,144404,dc018cef2484553e0f44b56c6ccf1a1a3e9c1125281d0f91f162eb6607cedec9
sound/voice/st2/84_2_J.wav,160856,eb278c58203e0ad89721fe0531e2128897a80e860d685f8583d3e8126c57abb8
sound/voice/st2/85_GA.wav,47740,eeac044e7b6633b64ccf0b0428d69c6f6d0e412753d4194b517dd4fa2390d707
sound/voice/st2/85_GA_2.wav,60280,70f42fed3a331a47021edd2266434e63888301aa02ed3b60c3e602e957f7da7b
sound/voice/st2/86_J.wav,79772,e1d66a96927e2011942cce3f8264e5bcf71f56d627d6616317163cefce0dad9c
sound/voice/st2/87_GA.wav,136472,bef944ca8d7e8440c7210c7bb9f86ff335ea02098cc37dcb12d93b60fbfe432a
sound/voice/st2/88_OM.wav,67384,83103c35275fe5e018060fe591d33bf3045b655c4c8d06567f572b121ff7181b
sound/voice/st2/89_J.wav,128000,9fd3fc95f35078e3ce45c401422492dd215757579fe81fa2d61c6e5263a66b8c
sound/voice/st2/90_GA.wav,120632,b92dfd4b963562a66a7047ad4e5068f42054a7fc8dccec26307f48b759d0b96e
sound/voice/st2/91_Y_W.wav,177336,c8646923ec3ba5d18129ed8786de5d54dfea5c67e40cea212215aed6bbbc3c79
sound/voice/st2/91_Y_W1.wav,158240,45f593172ac9c957c21c2bacdcf72f271d3da40f78e51c13570f452aed5b8282
sound/voice/st2/92_C.wav,47688,d74be1a632f2e51a4584ede4f0acbef517decbc5b7de4a47567b2e29005985ea
sound/voice/st2/93_OLD_W.wav,39876,da8219d646551f544008c669877ba9df41edca152e17579d776f59fe96c9c9c6
sound/voice/st2/93_OLD_W1.wav,35528,48f17e96d5b949b53d567a1ff74f71fb30fa5d892ef63f3f5f50dc96368d521b
sound/voice/st2/94_GA.wav,115440,0d3224c271c648b833c8041033caf8044533cbc74920d1e9bb77611699620048
sound/voice/st2/96_GA.wav,87864,b4d8c8931696ec9000f04859522f67a4efd64716fc0210ba2e7e0abf36841b8b
sound/voice/st2/96_J.wav,109160,cf63b3aebaf51232dc11b69467afe3dc9a68450f992c73dbda358e4a9bf6d88d
sound/voice/st2/97_GA.wav,139064,b330fec3e3e31b21d6abe0858ae7ea0f652eb9059391f1dd500a8b0f55805640
sound/voice/st2/97_J.wav,180164,cd4e2b60cd91ed1245855bd69cfebd1a8827419b699718f1503d41e9b5c69c90
sound/voice/st2/98_M.wav,102600,482bef24baaae4daf81f8ee2b2b2c565aa352d0ebae25b07fab9b49535337f00
sound/voice/st2/98_Y_M.wav,83496,b16ef632b2e1a95bc936b6d9ae14f5c63afff26e2cd14980b5a4849719cfdfd6
sound/voice/st2/99_Y_M.wav,145168,76836b59acdd1169ffc49fd0d0390aadf8335aefdb40f3c7bba21c1eeff59686
sound/voice/st3/102_H_AD.wav,45176,d10e4349ea9e864a2cf1005e53df0708f35f8b78fa320fa6db9f3016718d112d
sound/voice/st3/125_GO_A.wav,481080,efcc16b7edc1036fe6e2f97ae0592a26a27e3c78ed47bfceb367f86b37645408
sound/voice/st3/126_H_A.wav,350008,10d92f29ebeddbe22d992707dc674bf50a578ec733d3f911897e8b74967b81f3
sound/voice/st3/127_H_A.wav,559928,585d2a17e38a119e126085352a4fbacc43efdf1486e22f5621f86093d5f1152c
sound/voice/st3/128_H.wav,92540,219a269bcf9af53d32adc74ef8a671a73ebffb96f9df565bbc46d9f87efb142a
sound/voice/st3/129_E.wav,113464,b9fe059ed0eca85de211a11e1b37d221baf8ea38bcc7590e61ef7e47ff821b72
sound/voice/st3/130_E.wav,169016,1393bf08dafea76f3bfa1d68873b92e36d2e68d2fb62d26bcbc30b6d694839d6
sound/voice/st3/131_E.wav,213436,c4edcc07267a1b63789b58d291eb313fb1af3595c3ec1ece534abb89f4ee3d94
sound/voice/st3/132_J.wav,137808,f53bdbb656ab029d556b46b847006eca4bfe914036854c04cb76a02dbec83c4d
sound/voice/st3/133_GA.wav,221456,35d4b3911814b8e7ceb1d7a644bfcea309825fdb8f5b836c8f49835d10c10ae5
sound/voice/st3/134_E_A.wav,332936,9852855e6415284f29ee7be6e2c39b70107d90bbae456bd774a06c5e85d3cf23
sound/voice/st3/135_H_A.wav,366904,4a9d99439b6c3109ac7639cda4127a6445dc770251b46dc899f8f161260a876b
sound/voice/st3/136_E.wav,139832,6b6090b2252b1b48d17e88da71424ec7694349f919cade3c0abd4808c0b01030
sound/voice/st3/137_E.wav,135712,af42cfe9b4465e31db2b5e1884b2e00413161e2c027d28191b5fb8aaf4064f27
sound/voice/st3/138_H.wav,351032,f4dc00a5b8ab8b066e948f8b7d07354cbd3c0a65e007582b5300f0a368bdf0a9
sound/voice/st3/139_H_A.wav,337080,9bd97264a75178ed0544512ac1f823ffe59cf6f9a24aac1bbfc6fcc969837226
sound/voice/st3/140_HA.wav,300224,f3b75f64bed162300c7e810b24f7ce55c3efc284c75eaafb7537785b601cc450
sound/voice/st3/140_H_AD.wav,32764,1c116ae18ed0f731446ab9934b91faabd9d52f32df0f0e9b45764299e79944c9
sound/voice/st3/141_GA.wav,37528,40ff0781379d174beaa9f132738ba37ec8d5fc303616d826b1e923ffca8f0542
sound/voice/st3/141_J.wav,53024,fde14532252d257be65b2a9ff681933d0a7f84b5fa82aaef6afbc57e1642740f
sound/voice/st3/142_E.wav,157688,86342ab82f305db21f45687b99b30c74a391b64501ae41094a9f748162ab6626
sound/voice/st3/143_YNG_M.wav,252472,924ffaebd6dd5ae88beaa4d3965fbee9f133fb3ef8092e15221f37f2158f48bf
sound/voice/st3/144_YNG_M.wav,122920,f8c678093356e51d09d690f797b78f4e87f1e810577da34db29b363d9fe5d2f7
sound/voice/st3/145_YNG_M.wav,245000,79f7ba95609a9524793af55051e9f3a3b0e7abc32050613a993696f64fe92788
sound/voice/st3/146_GA.wav,64056,4833e81600dcacc87019251bd77bee95ef7959e73831911d2bf7b4b3afccb091
sound/voice/st3/146_J.wav,77336,3dd9b44f01d6d2cd336374fbfd1b0f97afb64bec80cb09a7a18ff2236e538b79
sound/voice/st3/147_J.wav,50804,050165e361f6903f81ce34c978003392a23a13a3b907b7a0cd79ec7481ebc499
sound/voice/st3/148_GA.wav,79800,f9f4b9b7204c25ad53fcd818ab517ea89b9df325483583e047b61f446a044bf4
sound/voice/st3/149_E.wav,259504,5ab9fb955197122669edbbf8ed19aeeed9e21b30d3fb52f936e240023d366ce7
sound/voice/st3/150_E.wav,186848,989afcb25ee1bd4a7dcdae5cc21dfa479efbcec2fafd45e83de4e90f5bd71953
sound/voice/st3/151_GA.wav,146840,c60812e15c067333e88292e6c591e012e79a890106359544381ef5fc18216bcd
sound/voice/st3/151_J.wav,188660,07e17dca3d8f75eceb42afd4feb8f862b53fb3085f3c7ac2ecba097dd2d24cec
sound/voice/st3/152_H.wav,130736,90b9c640dbe1aae46589ea56edd47f824b65c422b488dff4edd55078085f078d
sound/voice/st3/153_E.wav,105344,bff1c3fa2026ec38010bdcdf9439f27856bb6581832dcad2c2d56adf411b0bfa
sound/voice/st3/154_H.wav,121080,63d7811b71f0d6f09856b2f7d13e2d7c939f0e09ec9667d598cf00d2d280ad60
sound/voice/st3/155_H.wav,102008,e920e4393f09c83a29a5a06b995e52dc560f2f6fdb5217be18e477344eca1cb2
sound/voice/st3/156_H.wav,108736,66d1028b48b340b6394e0550aa02ed6956f9cbcd56d666117cbde6e515e9f592
sound/voice/st3/157_E.wav,244476,482e721fcab59a09d3ee66295c9feb18917474dbab7d0075c22f732d945ca74e
sound/voice/st3/158_H.wav,95360,3421877ea243ae6ede7a4e04088db44b4068b58bea631fef269617f5ac93cd45
sound/voice/st3/159_H.wav,98176,d00d1b7ba871b7c8b849f59d89c92d3f913205b4f6767b842764b3145bbf75e1
sound/voice/st3/160_GA.wav,118072,c785f124635a62c3d47acb5fcc893e66a4ae5d626488a5d665fc891e1f2126a0
sound/voice/st3/160_J.wav,174296,7a04bdbaab9de6da5438e92f25f9dc4363dcf86c620b219ec5c2e6e7358ce169
sound/voice/st3/161_H.wav,143384,38c4cd6abdf8c4c2260a67448f645dcb0b664c110c405811f38f0a650f54fb95
sound/voice/st3/163_E.wav,56580,ae63cf7e6529193b915730ae368f658663b1b693be2dfb23404abcfe28b12208
sound/voice/st3/166_H.wav,81976,f8d712be73d95e6e2106abd560011174eedf4efc29726bdd790e6726c28d451a
sound/voice/st3/167_H.wav,76448,76f880a7cfba906cf99a552c9c350a43bd9fad3721b01d475d9e82bd5e7bb730
sound/voice/st3/168_H.wav,34220,24df02c3916fc8c50cda173abe05240b7d0dbbb708bad843fb1203864abf44bb
sound/voice/st3/169_1_J.wav,81848,8aa7961e5141c779d04d664f7f94ea9072dd24f4f4c50ea772658a02e2819472
sound/voice/st3/169_2_GA.wav,69144,129a960d6a688861f35773389da2f5e89775de96495b58fb38c1bc82221756a6
sound/voice/st3/169_E.wav,195768,afd96b4a1f70e65a0fb18a9e49fe0229d56a3ab96708ef36e0de7cc1a4fc9809
sound/voice/st3/169_J.wav,153284,0fe25e692e29e983105de7ba92b53221902ab1a55372c264266992c9cfcbbb1f
sound/voice/st3/300_E_A.wav,351184,baedcfdd0552f1f34a682d34fee85713c84c38c117f9e07caeca919456b3dc56
sound/voice/st3/301_H.wav,108596,fa5388ca50c9cf09cee3669e5853389c4ae5b8728ea699562cc794a243581752
sound/voice/st3/302_E.wav,117296,6f1ff015068b305fa14dce897ab8ffbf736e78bb88f8a9472441fc286bf60eca
sound/voice/st3/303_E.wav,93904,066036081ff3fccb8b1c53ad41734e684526d24fd211b05cb973f46cd5bda343
sound/voice/st3/304_GA.wav,38688,3d7f719e7473a0f21664e1e72a84e926b055cc06d1747b06848f5b5972bc40d8
sound/voice/st3/304_J.wav,54176,99c88ed20d6d73473d6be55fdc7e1a4b5884c3b48a5fdc8043357cad178fcbfb
sound/voice/st3/305_M_A.wav,268416,5ff1a45041bb0014771ca49a6a9e1ca425ab85380e3a3791a79b0c1ca502494e
sound/voice/st3/306_E.wav,115388,72779b79882cc35a5f13f395a42ea04586d5f0688403ed740193ff94a3fd85e3
sound/voice/st3/307_E.wav,106084,ba3977a9c424aec8dfb63b510f9b1c29e4e00d7f7ab3521b42533213be328406
sound/voice/st3/308_H_1.wav,69320,cfb6271b8f1b6698ca9ba468df96de0d95652d79b345e937d01a420e5ba29e64
sound/voice/st3/308_H_2.wav,90168,e806eaaaba8a73d511fc82298fe0793e078d12c176fc4feab3bd830fb7e9d5ed
sound/voice/st3/418_GA_1.wav,134024,791736e919d9a3e490bb9c09f66e657ee2bb6c9a274c4513561cf5313ad81052
sound/voice/st3/418_GA_2.wav,60708,ce71eb1c62bc8bfa64f509f4e5d4c7418586240662e10c517b9bc0122e7d6acd
sound/voice/st3/418_J_1.wav,92968,382de253b3778699e870a137faf33e2fd952db50bdf6a9bdb5b5b5c5f284be9f
sound/voice/st3/418_J_2.wav,87456,bbd0753c2e5c2ccfe4a06fb839796cc877105765ad79ef164dce1e89deb10566
sound/voice/st4/170_GO_A.wav,303160,67e5a15b1f4a9b326fc174a8c4eefe2660dc0173ab2512a303e0285289e73a7d
sound/voice/st4/171_GA.wav,118328,9ba087f4ba0a4750bb1c25a4c075dea88dbbc8e390e33600448347d578bb767c
sound/voice/st4/171_J.wav,156384,1dbc19218be2258a37b0e454f2ee4057e93c981aeb2c3de3bbe95df6ace9841c
sound/voice/st4/172_GA.wav,66016,46b3c07d50c05ac70f9df09528f723feb4b89bbc8abfbe1cc887975db7d92fbe
sound/voice/st4/172_GA_B.wav,78392,24c0c4fb996a87d38887a2cb97b92347ffaf65ff1fce5c0c34ca1f20c07e7710
sound/voice/st4/172_J.wav,74116,3042214d80a357eb472b8ab798c8d3f03eea8ba56731d1a2c66ddd8b2de0268d
sound/voice/st4/172_J_B.wav,84836,9b1bed8c475009229fab009d80a2de3385f41dfa9ba878fa7a54f56bd6495a1b
sound/voice/st4/173_J.wav,218456,4681a69af56d107258d111a39d5c938adff93e8617698e525e486fe6e0b7b046
sound/voice/st4/174_GO_A.wav,553016,21b49cd2fb9a63344a19f434524898b8c4f3f85d74b9e587ed89a420d1a0cdae
sound/voice/st4/175_GO_A.wav,472888,b08d816256def83af67417d3e85a104ad5bc96ded9e9bbba07722660a5ebac4e
sound/voice/st4/176_GO_A.wav,374484,914584126316694cdd95c381a17ff6671ce8bdf251401a62547b3c20c886ce1a
sound/voice/st4/177_GO.wav,76856,b785dfef411cc02693e1d3740eb559500fa23db243841f580f5300b14ee459c8
sound/voice/st4/178_GA.wav,151864,1a13a945245270ba95151f732825acfbc2f2c880e9aef7c2af6bae432c23fe11
sound/voice/st4/178_J.wav,145928,3de231dca623c0eace425ad26a6858f976552240d4eccdf16305765da9236183
sound/voice/st4/179_GOA.wav,276884,0d727b9c27330db44752d4861a997ca4e1a50a583ceebad397a025dc30c72d3d
sound/voice/st4/180_GA.wav,34264,274966fd7bb0a3246f7b44864f48550bb67a5e3e0513c34a5b10fc489af34fff
sound/voice/st4/180_J.wav,62636,584eaa926e549b9bb4a017c72b11430d78d2c177a849f91cfe454d24cd3f5d50
sound/voice/st4/183_GA.wav,113056,84fc1bf73f0320f2b3df2f1ad2acf4783a25e1881c17d4c3d66ce034e75e95a5
sound/voice/st4/183_J.wav,116088,635f5d4fddfaaf30627858d48d9bc64dba944723475e8fa28c8af3bbee1d8a76
sound/voice/st4/309_J.wav,126372,ec3674112bcbd6cdab2d2512a89100bfaebd415a4965a3c3afdf59f836f34170
sound/voice/st4/310_GA.wav,136736,21ae3fe38d204e5803d2d1b0c6c76020efdad67d1f010bfe64c03ce14320375e
sound/voice/st4/310_J.wav,150688,743aadfa1ad13117c3d52d7e2e49a9b4f91038fc675f62a26dc7ea68f009c5f3
sound/voice/st4/311_J.wav,105140,2144da4020c8c03a56b54300b95769e1cc495a7354093023d572d53ea4973af1
sound/voice/st4/312_GA.wav,129152,8562ce02c91c52b96d9a8ee42246785893888c27b9611502c98cd7c85eeb12a7
sound/voice/st4/313_M_A.wav,267560,ff77397a2e477298b03157a7777c11e73894dbe3d13f9935642c1715ce81c4d2
sound/voice/st4/314_GA.wav,86008,230277e44deb57f0bb5b484a56ac90ab413d0dbda4162bac22780dd1e1a924c9
sound/voice/st4/314_J.wav,103304,f2ba3976d841d992e038b5cda11d95d920866d3757efda2b47e8e3fac9d326d4
sound/voice/st4/315_GO.wav,106112,6d6f3e3ccf82a5f13cffe71e901680bf1d7fe058d7589025d3f29b07c1a48dd4
sound/voice/st4/316_GA.wav,201388,56ba79d9009f41f8b8e0bc957ed2a418dbe595beac1327aec5bae020226b6124
sound/voice/st4/316_J.wav,210136,01f60f85c67842f41b294991a3692f4b7777a27d01ef6112cd94dd2e5576856c
sound/voice/st4/317_E.wav,261080,a1d453deba1e1e27c7e4650d956c70437c5cdbd162b13d628ef82d8e26846301
sound/voice/st4/318_J.wav,69140,4439fc102b41c4034428b7d6a8b8d361c2ffcc9ea933ede8f4a90b0b5a156ed1
sound/voice/st4/319_GA.wav,176056,a6175ade4e5e782448a6c982289427b35c81a021f78c2d97301fff51bc8cdc93
sound/voice/st4/320_H.wav,87088,0e3fe10189e4ce75299d9c1758c5c80c18bab9ecd628bc0888a9f2e4c0e73808
sound/voice/st4/321_H.wav,82460,2a4487b1468e0406ac2223ac1536cf19e0da508a7142f4dea48d25890e286154
sound/voice/st4/322_H_A.wav,872132,1f30ba32a7c3fb8adaaaad56cd5ba079ccd86f7745ffbe90e5959d449d22875b
sound/voice/st4/323_H.wav,147100,217fd69824beec32fcc5e000947006a7a049d666a87c1f04ef43511c4c833744
sound/voice/st4/324_H.wav,181848,bfbdb7ca371e32d4e77821543b0f438b10887e7af868cae9bd9dba7bf8300976
sound/voice/st4/325_GA.wav,59228,ff3dc3ea946f20f5fb5465002b20acd54bf099699d5c359cfb5e6864ff1f0c60
sound/voice/st4/325_J.wav,60280,bf9d19ed58e0ef1ea90c137db0db4da424bce2571f2ed4bdb95ad790029dcfb4
sound/voice/st4/326_J.wav,249564,7f63f00ce99af1c0435b351aba1056da12244a5e007e5bedaf1d200c453bd341
sound/voice/st4/327_GA.wav,190176,416618f0341fc6255b8ffdb5626474b288a4c23f82fdfaf9a2f513120026c8e4
sound/voice/st5/328_GO_1.wav,291544,043a8f56f7b33a6503ced4a6959af0678c30c909a3937611f07975ec8c4229d3
sound/voice/st5/329_GA_1.wav,246392,982225a00027edb7ef30cea8cb68c2d3e7c28340f889c3f17b30f39ba290bcb0
sound/voice/st5/329_GA_2.wav,193428,b41e05b4d78ce0973b8b11ec418b7fc4f900dcdbb8566030b5d857536e5d322a
sound/voice/st5/329_J_1_A.wav,305156,a07ca597911e1b5bfc27d2fb9e17317a083cc9a4c44f2b5135a8fbf2c187561d
sound/voice/st5/329_J_2_A.wav,271988,afc0584adceed30576f2634deb0945ecb86b5d8c6e77e30736337b57a648e466
sound/voice/st5/331_GA.wav,88144,213ebd63602a25fcb654de04dac24f44008892fa82f755bc906ef4ee628d02d4
sound/voice/st5/331_J.wav,102060,d1067234c1765289df00f706f5381c40a4fedc938f43a9ddc53c35497e4e5fd2
sound/voice/st5/332_J.wav,65504,b8269f7631ae417b2444aa02697b7704bdb66aa9f41d9c529635b02ba7296e30
sound/voice/st5/333_J.wav,46492,5baee2a268dfcd3b6f475e51fe9c8f66a5f75f0304d3a624c12e1cca4745f405
sound/voice/st5/334_GA.wav,86032,2951ef22168d5d14c999f8bef0eaf1b56d9ed349874410d222be5d13fd4f0d2b
sound/voice/st5/335_ZE_A.wav,381072,335dba4a62ecc97a07926e626a3cfb27ac50786b874f45e1289468bd45dbb29a
sound/voice/st5/336_ZE.wav,261232,93a3377e820abd386939b03d9600f60165bdc5f84a323c5730034462d6d7c382
sound/voice/st5/337_ZE.wav,120392,755ee7c568e54ac88dceb2d7762907e29a1d172761915d1185eebee385998db1
sound/voice/st5/338_GA.wav,245804,f69c8fe25c8e06a7a012dbc53b1d62de1b7faed65c06e37b1a9881d3768c4845
sound/voice/st5/338_J_A.wav,284552,c6c6894a268154af4c85733d48cb3b505ec8082d9d5646deaebb3eb7459fd08b
sound/voice/st5/339_GA.wav,32708,17eb022404b2872657dccbcbde77960aa4ed720c3fa0144f7f03ac6bd50730ac
sound/voice/st5/339_J.wav,42032,667c38ad53a44d3b2d5d822b7082c5f14d5b36ccc401c5b6ca9f3a828fdc1fd1
sound/voice/st5/340_J.wav,233708,9bbe348853e0f035b986e169b58c74b76575cfb6f87cbddc018608b930c232ad
sound/voice/st5/341_GA.wav,180928,5675671fb226b27f5ef9898119f48572c397b36f15d448691a8471e501301985
sound/voice/st5/342_J.wav,101736,060c589d19a3fee06b1c324032c724fc2b1afe98615742499eff3a44510f65dd
sound/voice/st5/343_GA.wav,43784,249de1af4eaba4611d84030d9b77e75ff56ab8c0795d31811b494e5cc503c9aa
sound/voice/st5/343_J.wav,52472,7dc53d999c759ee5ce9e539d6a97e1af0854489d4fa8dc7f97df615142462ab6
sound/voice/st5/344_GA.wav,167216,6c2e6707e27f735fa1d8e66f810ca92c19626c0cdb198b1d585ba24660fd3d66
sound/voice/st5/344_J.wav,208876,ee56dfd110291b76ed32a36741b409169b11f148f8f3cfc4aef106b19b2bf03c
sound/voice/st5/345_J.wav,201656,11deb9379b33c26f6847ca40f04df385eef7aa9caa764f1f5df5263773129152
sound/voice/st5/346_GA.wav,58616,f5aedc617ab9b7270f0442c302460ea22552c799b07b8e9de56503dc7163834f
sound/voice/st5/347_AE_A.wav,266560,62aeb4f284094eb0f4a437ad51216d494e2e091947cba7a97b13ec6e35a91216
sound/voice/st5/348_AE_1.wav,172856,3e45bcb79561a92a8db6ab0564581edb138850114b3b49515cd68231319c88f5
sound/voice/st5/348_AE_2.wav,174332,36b07af5c548f54679e51918ac022a144c05e6cccd42651296904924e43e25fc
sound/voice/st5/349_AE_1.wav,224000,e1c49a1e2ebca0475ac489dd92b92ca192547aabb52ed31d705d1d2df697d966
sound/voice/st5/349_AE_2.wav,180376,fe4e248585b402b3f819c55e0b34c6a09d3d5280ff263a4f935cdac7da830004
sound/voice/st5/350_AE_A.wav,284076,fa7e34b6d24e1c8c6a9848265c89d7cf67316d4991e6ddd8e0da4ffda0e490fe
sound/voice/st5/351_AE_A.wav,387932,30ea0c4bbffd536855a77df069729737e144ba6250c1addcca50a6be88cd45af
sound/voice/st5/352_AE_A.wav,386888,fcdaec960a8e794d62b1d0617eedb7edf00ddde39a07fd007c2ccc467b5c6437
sound/voice/st5/353_J_A.wav,400032,e860c6f3614da6fcabf5c0e8caa2e22775941e7fa6207df2fb0baa7e77ee82b8
sound/voice/st5/354_GA.wav,207848,557d64b2ab12481f15fa23a89989904879280d7c351b9ceb55f8762ca67aa4f0
sound/voice/st5/355_GA.wav,79256,bf979a2f32f1948e115b5abf9291c4b79168249faff6979baf51a2ed1bb95c5d
sound/voice/st5/355_J.wav,144600,f38ff39af3bc209de861614e8b50845f87dabf101eb01830b752f78366dde4f6
sound/voice/st5/356_GA.wav,176760,04d480a172d4a34d238bb881c22b1ac0bf37189b1bf3d3a6a7bd4aec826a3f49
sound/voice/st5/356_J.wav,192004,8d52a49cfd8d2e0289402abd275b1ace325c2202595e82a1cd1cd5aac8a32b79
sound/voice/st5/357_GA.wav,97756,c143a73a2c0e2624c398282b79511be474a73342dcb5e9f2950d941bb212d28a
sound/voice/st5/357_J.wav,107032,80df779ff15ba980eee0f19aa5e1deb0f25928e28b27dce2023d3601a37c128a
sound/voice/st5/360_J.wav,164696,2ef7f29cc99321b04d25b4b5910958d310f4a03df294899397d27941d90533fb
sound/voice/st5/361_GA_1.wav,128684,4225418e8ff95e2a85d198004555f1ebfa746fe1ceb6d0c93797c152041f9dd2
sound/voice/st5/361_GA_2.wav,118376,be59a081111cede692d78842878e9e6698c90f6ae4c79ba2fe5ed35783b9c941
sound/voice/st5/50_GA.wav,59056,509408b5103def7c4e9333acaf591f8c8e5a4593fcc0485581270dd52acc10c9
sound/voice/st5/50_J.wav,60644,07e2756e45f08db6c0aa96c1f050972b715fa379235b050e510cc45582e31c6f
sound/voice/st5/51_J.wav,126356,8655e2b717286d097cb49e83faf00f13b9ba7c8d8130190a651e8c41e069b9b9
sound/voice/st6/337_ZE.wav,120392,755ee7c568e54ac88dceb2d7762907e29a1d172761915d1185eebee385998db1
sound/voice/st6/358_GO.wav,247232,4e6b2eaeb141493ce947fde81a3dbc98c308500b692878cea8fea43a3c91e853
sound/voice/st6/358_GO_2.wav,228680,1c366aaed2a80edc671b8fca20c04d745022a88c2ecff09ebc3e96ac950d83de
sound/voice/st6/359_GO.wav,185896,0d299e0c75f0affe7c90b33ff3eb2aff1cb315ef875a3ee2d626d3f28a044c32
sound/voice/st6/360_J.wav,164696,2ef7f29cc99321b04d25b4b5910958d310f4a03df294899397d27941d90533fb
sound/voice/st6/361_Ga_1.wav,128684,9e03e9a1ac9605ef6f4af476a2f2da8aa9183330e942537182d6048c938c4d55
sound/voice/st6/361_Ga_2.wav,118376,d899d0baf86eb31125651e0dc9772b9bf60df9825b2e41d01275b4594e51f585
sound/voice/st6/362_GA_1.wav,126520,2babb5830f49da81fbddd9520f9025b9acd00325853d133dad51fe64170a717a
sound/voice/st6/362_GA_2.wav,122212,3a056a4daab1f3923f2ff94fda6dbb85feac92ad8320623f8ed0418f838faaa0
sound/voice/st6/362_J_1.wav,210760,dce52639bd984999795b1a412633e1bbb3e2d060421d2272a0fca5f5c5cd913b
sound/voice/st6/362_J_2.wav,203312,da2487c31dcea19480e1d57cbaad49260b1fdb8d8cb87495b660f6afb84bc590
sound/voice/st6/363_J.wav,104384,501a362907c67604bb8623c0ca8aaaf8c855dae6bfad1d77e1f04a84628fbb13
sound/voice/st6/364_GA.wav,106328,65b39bc2f3e815ece2894d3b05bfb0d638ac8344d36089bf93033f7666f23d54
sound/voice/st6/364_J.wav,136364,1b482d76d8f81966351742461e9dff8226f212964612738d4802e5e2aba06199
sound/voice/st6/365_GA.wav,87776,e4b4592a74bc4a2f48ec178daaa1a9cd1f1e85af781389479e371be6efaa9a3e
sound/voice/st6/365_J.wav,135996,cb8f907d32d96ec49d10100d6dfb6eb621a4c43dc171f5c8fd103fa732e071a0
sound/voice/st6/366_GO.wav,262168,fe1ade6ec5cd0a0f407b6b7a141abbd0cfe1ec195a28e76e1eaa20e4cbe6e3b1
sound/voice/st6/367_GA.wav,49040,406fbfa3d2c6f436c904b9df9c88cc4e0748c2abbdb57d4f540895d38741caa2
sound/voice/st6/367_J.wav,55228,2bd432d78ffaa7bc84a90b569f0929d6e35008ee9b756af430160cd154667d3b
sound/voice/st6/368_J.wav,135376,bd347f0cfb94b842ca458c76c1e00ba8626625a85d45952dae0bf2b57e3517df
sound/voice/st6/369_GA.wav,96824,0e87d8305882e757797f4d87478e617ba25fcf3a02d45dbbedee4af6b8e6f0ac
sound/voice/st6/370_GO.wav,256500,a6b07dd06f06794302ff05e8f87039c81d08382876d58e6e6f788bc1be51ce4e
sound/voice/st6/371_GO_1A.wav,310808,72f35630a0887dafaab18969ce658ea049a274d67d69d5db8fc0319788f947c0
sound/voice/st6/371_GO_2A.wav,344276,8507fdecf54fb55503216eb0a4d507ad912c899c8e7475bb1fbcd0fe8a926548
sound/voice/st6/372_GO.wav,233912,391b63837fef462b486d2874c6d517f098ad6cee1cb643c09dbcc15768111888
sound/voice/st6/373_GO.wav,157484,f6bbafb7d9822689e4c414c54ab23b41ffd7bc4c5ae1165037e3f03afdd87e51
sound/voice/st6/374_GO_A.wav,275160,0106a6f79324dbf67a7b804d418658e844f4353f739d9699cd239f281696c069
sound/voice/st6/375_GO.wav,177724,3ea1a423aec6f53cb901ca857e547caa0a6e8add82b561ce1aa0b1916a3e5cd3
sound/voice/st6/376_GO_A.wav,303740,6d9ab82eea76f5b8b5bbed8a5e9beb7891116b384dc1fe8feac6dadbf48caeee
sound/voice/st6/377_SE_A.wav,336992,a65b23e02da9b43ac7ed2770dd57c826574d4e0fe90c0df2a061b40653a73c9d
sound/voice/st6/378_SE_A.wav,474224,4aff7e5db8c620cc316418927068ce0026b9f18bba1cccc183dfeebc3c30674a
sound/voice/st6/379_SE_A.wav,416056,0ca4f3b93ba775950f8c27d1e516d4ed80a8fb491840412b44805ed8980abf38
sound/voice/st6/380_SE.wav,232456,03e922553c679e4b73b24f21746a63b2c7d1ceb44ac94bdcd5c8101b9f4d9931
sound/voice/st6/381_GO_A.wav,287092,208fe0989450e771469948ccc2d775481b9d3141bb95e7a6e3e944063e0e7e44
sound/voice/st6/382_GA.wav,122656,7850014f43180da65e3e43f62cabac05b4e26188e8c0832db46825f505e07e65
sound/voice/st6/382_J.wav,152512,585e465de3995be0821c50de393238683842750d591e6d8fc235647edfa6737c
sound/voice/st6/383_GO.wav,236764,624388a8799cd865b18576078aaf9a7e5927d0a7977bc38523cc26c0a36324e1
sound/voice/st6/384_GO.wav,87824,4efbfd168f4faf7bd6200b9451c31e7abdc0be0a9916bfa592b936eaf72a91a5
sound/voice/st6/385_GO_1.wav,203816,1c30620d75ed6e27eb483102a069425fcbffb93862796633845258d80c803d20
sound/voice/st6/386_J.wav,139516,404e4aca722f4c2774e02799c536bdfa325b8e803908565bc5aa9c6ef2828ea1
sound/voice/st6/387_GA.wav,43496,f7323e3dd82fddeedc027be868c0ae82071b4b373a4b933b8abeec64be9e18c3
sound/voice/st6/388_GA.wav,118856,ec19d091047e6de17e8525026dfb677c7b43e3f06fc98ca581ae4d015f6aa0a4
sound/voice/st6/389_J.wav,173776,6e14050c7417fe738355c404e69151428ff179c049e92f37ec8a367ede576568
sound/voice/st6/390_J.wav,234608,9db5503e1651ae34e6c49d9ced5273461f79e3a1984f0bd2ea16c2b42465a898
sound/voice/st6/391_J.wav,220420,4c6a5ffd22150f339558a94b91e142cccefd7bf4d11c9e92e8c2d734cc8ae499
sound/voice/st6/393_J.wav,121260,37bb51cb43d78370464c820c98687cb3d335ce04763c51e636348e1b7ee86ed9
sound/voice/st6/394_J_A.wav,362264,f6c4d2295bd6a99af0d056cda3ebbd82cb7ea7fd6b0ac13af919ae7051e9ece8
sound/voice/st6/395_J.wav,114100,0601be992fc8a77bf59a8e03a42f6db94c9e0ac1e768a13c7cd88d4739143f99
sound/voice/st6/396_J.wav,197428,7d01ca1551c748ecb2f389f59780ab58ebf1a86c2c67a800b8b0306c02d490ef
sound/voice/st6/397_J.wav,94736,73cf6baf0e27d81dee0966edc2b8c768df81de423c50a4a82a4ffd3eced18c17
sound/voice/st6/398_GA.wav,83048,7e18420c457bb53ab2faefabdb84192584357cff59e48be5ba67a8d1e0f7862c
sound/voice/st6/399_GA.wav,74964,bf6d21b129a3dfbe2311b143ac62c7fa7351b8ca9684544050640886ada39131
sound/voice/st6/400_GA.wav,65864,0fa01728c167236b4bf367d9a485383eb797d814a6194e4d9628af98d67b5b76
sound/voice/st6/401_GA.wav,125060,44fc9cebc072b077ca8771fb82aad4de23ab27bfd2f5f8b84f3c488303dabaa3
sound/voice/st6/402_GA.wav,77016,861a2d1f97b010316499e59abc9440ca0c99acc6e5e244b7669632886d0cc9c2
sound/voice/st6/403_R.wav,48884,f9329f73815805a3520f11116d8719b4d98307a5b6d742357e120a73719d0514
sound/voice/st6/404_R.wav,46136,112745be56c6457899bff944bed44f416f8ef31f9b0f3345b8fedebd27f34f81
sound/voice/st6/405_GA.wav,40056,699d9804fe6a7c339f4f8cdca7c1423c39f5871b344b2b506afc4ebfe452fa6b
sound/voice/st6/405_J.wav,57656,a87878bd1e2fc473e41727d88da40e570a6647069908e936db75d32437cac36c
sound/voice/st6/406_R_A.wav,228104,3f56a2bb440ecd86a43d57d036fdc23480b02fcec5b982ce91d7dd97f5b8e406
sound/voice/st6/407_R.wav,201876,a1a98b7c05193c9ce6a1504b0f23d49a49b2aea783d85f0c028f72ce4f4309f5
sound/voice/st6/408_J.wav,196088,0250aec3a426fe66c9a5a697137e973a6af2d264e9f534dcf64e5dbe18bdf023
sound/voice/st6/409_GA.wav,125312,5fd45671ce0e3763b66453834cec0e16a5f38ac6d4c6a83270521e5feddcd4e5
sound/voice/st6/413_GO.wav,153532,28ec10063d83a3e40bde67d435f0915291b64494f3e99f6e844f3f0481a51dff
tex/arcade00.bin,12344,764924fd84daaa8d9cde4cc221e85c35b7289f240600f3d5bc738b9bf677c607
tex/arcade01.bin,12344,d650c4cf73dc29ee996e3d6bfcdf008f1f1c0b0f866c7930e53620798914e69e
tex/arcade02.bin,12344,4fa97dcc5107dd4568e923fc8f8cfb203542a515dce9dcf187725591949e978f
tex/b6boss1z.bin,13001,222340417c76bdc3c5c173b048e6975a1063a1c91d7b5cf19c4e3b80de4cad8d
tex/b6boss1z_wing.bin,13001,222340417c76bdc3c5c173b048e6975a1063a1c91d7b5cf19c4e3b80de4cad8d
tex/b6boss2.bin,20303,d21f642c0c4345267921eaab16e0ec33aa5735a53846b3d19be3263a35afbdd2
tex/b6boss3.bin,13001,222340417c76bdc3c5c173b048e6975a1063a1c91d7b5cf19c4e3b80de4cad8d
tex/b6boss4.bin,16208,e3670c50f1b689cba5789d5d667682f224fade9cb5c90355c6c2a8c80cb4abc0
tex/b6boss5.bin,20303,d21f642c0c4345267921eaab16e0ec33aa5735a53846b3d19be3263a35afbdd2
tex/bg_adv00.bin,605115,38ce21b02e1f69955f3632eed56d13feaaa7fc4a1e501bfb439a615db135475e
tex/bg_adv01.bin,455839,1b43b1201e536c7d38fb629ccdabb59280b58e7590e069baf0356374016a3c83
tex/bg_adv02.bin,554863,d58624e67328569fd383248900be90bc80dc5b3dba669800cbf04c9fa4d9433c
tex/bg_adv03.bin,345831,5337b6e80fb05304e09759555d9baab19fef351a8a0477b48325bf76bbf21044
tex/bg_adv04.bin,98978,0450ed9cceed62291eb101e884fe600c00d7333fdc6185e2bba9b92eeb24af26
tex/bg_adv05.bin,188053,f5ef3e01eddb11dd08c8c9a59960fb6e2db3733ab01c938e96929a54c732e8d3
tex/bg_adv06.bin,209200,484bf166c48f87a8f447bfbafe31cc46c620100ea03d7da06822afaa386ff038
tex/bg_adv07.bin,243335,bd5f1f9a805a1a0d7214434e194ccf0097869388a41fc4939b30aedcacbce7ca
tex/bg_adv08.bin,453448,b3d675e48d3fae588b925139ce295613abb8aa56cec93c69a7fd7a78e58b9f5d
tex/bg_adv09.bin,301046,8d1c3ebe2c6561f4abf10f38f68fa6511847b90505a3e3f8545bf5d78d598d16
tex/bg_adv10.bin,4,df3f619804a92fdb4057192dc43dd748ea778adc52bc498ce80524c014b81119
tex/bg_adv11.bin,183257,93a5218d5f19e917fb9de98fad2c768e778d84917e772c540d0dadfa4a5a1b18
tex/bg_adv12.bin,239990,9ea2fa6912cc6ec5a02a98786feabe3b1e92931d66cc0c7e417de9594cb3aba1
tex/bg_adv13.bin,157846,3c6607b1c973abe11af82c870b30b42ae8e29de7e443f1a13494e4cf935bf904
tex/bg_adv14.bin,183458,a86e1c13e8890994b7ce891d9b38ef60b68a10ba924350787cf7427a3df40910
tex/bg_adv15.bin,271187,d9c9e19d0889a6f0b92ceb9b63847cb5e1d74c793d9436afe1642c66a419c4be
tex/bg_adv16.bin,161268,1625f1b92826d7509b1334973f52ae2ec93a698be1f81584c735dfd799b8f311
tex/bg_adv17.bin,337299,eba2f1f4806dece12112bb2cbba3ec5906433a0922ece140d567455f25e09041
tex/bg_adv18.bin,455839,1b43b1201e536c7d38fb629ccdabb59280b58e7590e069baf0356374016a3c83
tex/bg_result01.bin,661598,91d2989a136d1631f22d6957c11da9572dbe6bcc3a5b15467bcbba22c22d00ff
tex/bg_result02.bin,488893,05f38e7dd0500205ce805b17c4fa8e00cfd71cdc08ecb1b5ddd00c883ca4d919
tex/bg_result03.bin,112155,b7146d625a4cdfcdca8a660b1df2ba0ff7c0bcc06640241e7fe3899f31334852
tex/bg_result04.bin,288714,258d98fe6b1134d687776c6a4a8b4bacf5585feafdf1a752d5c3dcdef99f9f9d
tex/black_scr.bin,196662,a8972c5964e6924e1117f274f4d2222c22010adc7fd3a60bfee74d8dcb5c9440
tex/boss1q.bin,94436,102bcf26d2acfd2cf427e1bd3645cf0f834ac628ba32f74e278b4abd50d43182
tex/boss1z.bin,52792,2cb2d549a8514d7ea9233706fbbc4c363893c3c075c6c2f76660d6dd1edc74a2
tex/boss1z_wing.bin,4554,2f1f78f2f34c03b3bb4555f8d0bfaaf67c730592a3ef367d999c5e3b935f9b26
tex/boss2.bin,202447,675b6478a612441d74ea206c11ba5a29a171ee8daab105bef9fe93da60595358
tex/boss2_hane_hod1.bin,10555,8d5e31cc02763413779a0ee3ca96f930f33ba0f9f18215c3dbace8f067def79b
tex/boss2_hod1.bin,62122,aedd9f1aff57e0371f39cb0d918f12abeaa98bdbbfc17198a9162442e43cbe81
tex/boss3.bin,74085,63e191f6daf47ca7d2b03027ba50c2d3560b2bceccdfbbeb9ec6c6bd99891e99
tex/boss3_hod1.bin,72966,39baed58c9721a74141983247d5c805368e88812e37edab40a256ab64fb29408
tex/boss3l.bin,49847,11540e10eb7ff35e155f16517ac9c6616a78e610f66261796aac47dd926c0b23
tex/boss4.bin,210228,24867f006c41a1a52969820925a46fd2dc8765a0a40b1fb62fce1c990967034f
tex/boss4_hod1.bin,195768,91ad6076c54a7c46ea49fa82d490acc0873b0ec144a52dc0ba1cee92a6d8f76d
tex/boss4_hrs_hod1.bin,1425,d29af3f68b6ed55ed81632da750efb895fef873453e312171361cecf1f49b443
tex/boss4_kls_hod1.bin,1425,d29af3f68b6ed55ed81632da750efb895fef873453e312171361cecf1f49b443
tex/boss4_mls_hod1.bin,1425,d29af3f68b6ed55ed81632da750efb895fef873453e312171361cecf1f49b443
tex/boss5.bin,193867,ebe6485d39ffdf1dc82bdb14f64a8cb5ff7f537819968ec50af4feb17ea18acf
tex/boss5b.bin,55175,0479f4230522272ee8442e124efe513cf5c9193691fe7776bf085cf5bb4220da
tex/boss6.bin,44074,aea392fc52c59102945b257058d4c68088da916c88e4dec355ef6ba8bc449fc0
tex/boss_00.bin,12344,b3d8b680644c14f51a805b0ea00e72c01e4156965e7208f68100254c638cf4a3
tex/boss_01.bin,12344,9daba4d2a38ed37316d7b371fcf23a2de26d1e4cfb3c736d28642b7f91f70c9e
tex/boss_02.bin,12344,12658f3913c8f01f0139da4294fbd1aadc26a775efe56631855ffa77d8462f3c
tex/bridge.bin,85298,fd081680e3425bda54e403d0e83e52e88e443af0205096e154bf5e0144766747
tex/bridge_st5.bin,52284,ac7861f49f2e8140e70d4d8cd5882acfee87960943cc7f4e7a8246bb6e803b4b
tex/buyo.bin,15497,2617de4d1af12d7dc7e2b87837dadb86f5a3b1674098c900832bc2f1e895486d
tex/car_1.bin,141659,c68068b4ad8151626f797b248dfe926eeef49c01cd412c5683ea2b1bc19bba90
tex/car_2.bin,72547,5b01719fd9544661a239434caa2884e40c852709b7586cb347b1a39c9d0b714b
tex/car_org.bin,80940,51b03537804d4ca1d5bbc5c5780daf84a9917928d30ec44f6d0432b93694dfeb
tex/car_pl.bin,163610,6826b82ce08417efa3e0bd1240b14e82ddc1516904dd6507467b0d73819fb517
tex/cat.bin,34033,d85972ea047f66381318d1dea396f125d6aab4443bc7bf0a3de570696afae49b
tex/char_adv00.bin,214638,32f7dc21b1549ea418e64d450ea44a5fdd8b71f6eac2d1e0cf7b5507807126c2
tex/char_adv01.bin,205054,33bec813c5964ab1226144df2b1a921387cc54205bd5385e2a5f143aecdb17c1
tex/char_adv02.bin,136436,f57189c8ecbd4377e7a8c9ee448c4936d40ef1262a5c1a7f642716bfda00f4ca
tex/char_adv03.bin,4,df3f619804a92fdb4057192dc43dd748ea778adc52bc498ce80524c014b81119
tex/char_adv04.bin,303099,b02e55535be5eb27909f846bea297014702cbbcef1082e2f6a60d254ed8d90b4
tex/char_adv05.bin,258686,cf2e2c30ecdfc9c79b727a638d7c72ea78a26eef6911cc327ecbc535c551fac2
tex/char_adv06.bin,203941,054d9576310e94151af02eff9ef63b46171c778625ea728beb1aca71b6c3eaa7
tex/char_adv07.bin,219885,7047cc6d997f0f242027d8beefe38df244aec124dabcb6816838fb7739f83016
tex/colo_monitor.bin,2584,a0aaeff7d4042be45602d4c0aaa3fc900a74b4ccf2906445b6a3efcfbcee4671
tex/common.bin,149620,9dfc425ebec181670d2ff5bf8f13b9e5f6d92ab3fa713b8ff7cb2584b59d5efb
tex/curien.bin,101686,2981af43a6b98ad90b6dc33f6ecfc37549495b2aaec5b778b246775586bda17d
tex/dc_ctrl.bin,4,df3f619804a92fdb4057192dc43dd748ea778adc52bc498ce80524c014b81119
tex/deka_musume.bin,30825,21af7fb1d4591843a5a2139ca9aec1a2355fe5241d59a236e403ef0fe07485f4
tex/deka_otoko.bin,65751,fdce67f87f8f4f0fcd38dbe0257bf2d0ed067eb324f48f4c506422f427200e50
tex/dolam.bin,11268,39242d126267a113a6e8abab22e011fe9f307a96f15cd3b7afc21ad13b9448a2
tex/door_1.bin,103241,ee84f3ccfd2d0e5b97f91ebfa8234be4782cb2a7addb00eacac081385f743ec4
tex/eff_1.bin,65226,7b25efe436b873d180c9a6171d5b42733eea7a8b7e521b8973c3addf5d8aae33
tex/eff_2.bin,15435,82a18f30deaa09606b1c56ad7fc204262e7638a79fcfa8c41f961ec9b7bf6c91
tex/eff_3.bin,4,df3f619804a92fdb4057192dc43dd748ea778adc52bc498ce80524c014b81119
tex/eff_4.bin,14102,4e674204c6f9564553f14637e20f3cd8ec3c37f9d93d83c1cb6902b18b4f7642
tex/eff_boss3.bin,6828,300603715b41b70ba28c388e6c0f51bcf36af13d1ab5c8813963d52cc08aaea0
tex/eff_boss4.bin,4,df3f619804a92fdb4057192dc43dd748ea778adc52bc498ce80524c014b81119
tex/eff_boss5.bin,46420,705f0faa32767e0dba5a1fdeb96db552fe76454296e8545009402fa45452d279
tex/eff_boss6.bin,55356,763fac929e5962946a50990310b82b7045e02a732078fbcdb883977a3ec43e77
tex/eff_car.bin,13414,d27d17b8db07c59769be70bb198b06acbdf49c67510827a37204654a0a5357a9
tex/eff_colo.bin,52761,d672a8e70afa840b4e2b668f0d861462470b36ea3c8e77accd70fe76c574175d
tex/eff_dokan.bin,5579,c460114a6473b92f1a17d2062339c9e32d84d383b7abac62902d4c47d476d22c
tex/eff_funsui.bin,21321,648c997e7238a4f0f8a09c7bc0510af50f744e0f0038ed076ef52da55c94d5a9
tex/eff_funsui2.bin,21321,648c997e7238a4f0f8a09c7bc0510af50f744e0f0038ed076ef52da55c94d5a9
tex/eff_izumi.bin,21321,648c997e7238a4f0f8a09c7bc0510af50f744e0f0038ed076ef52da55c94d5a9
tex/eff_org.bin,72781,d3ac16d0186619c81eba9eafbeccaa2ad925b6e76ea2ba0e40cbb70e1bc174bf
tex/eff_org10.bin,1225,c6ed73a06e5e6e858aaf42c1ededd903b6d5003c0aa3d4e469013ed450a14af8
tex/eff_org11.bin,43339,d970df85601f4da63c78db74cd07e9624d62015a3e026db3fac45e89520232dc
tex/eff_org12.bin,30556,dbd649350280a38afd8bc4478ef6cb10f7dfc00e258c4bac51cde7b4fe62e37d
tex/eff_org2.bin,6856,7acfa3c1aea3b569fef0fb0350222425745c0f3628596a252e912f724515acf1
tex/eff_org3.bin,4529,a898ccf79cf4e998a1f3f610af86c9ba3396bf9c9e2fcedc291f80261c25461e
tex/eff_org4.bin,46510,61aa0e6611d847e9faa8a177072ad7ca52ce8bf43bf7b6c7378bfcd8763c88ba
tex/eff_org5.bin,52521,048ccb7fb6ccb0f1a6ea9fc1c14b2331f11e32ddce4240c07b826b56b82e3946
tex/eff_org5b.bin,44281,bdbc216b4954c0c902f075d489586bea7fe015f3d6f5fe1d07ba751b1e00615d
tex/eff_org6.bin,3196,12858bc4c37e22b520d71293c0f96ccfc29b313a354915b5e99c298ddc4d0501
tex/eff_org7.bin,22318,a36b4c5d568b6be114c043822b06a38dd535630a15ac3190b9a67337cb5dce46
tex/eff_org8.bin,25213,8bdd16407177c3d8f24cbb28884ddcf16d92cfa20e356b9cd7de93071180cd78
tex/eff_org9.bin,1106,77ca4210327020a7194cd8497d9e19e3efba1921abe1a5be68651d056c303428
tex/eff_shop.bin,75308,8e93398267d62183e40e7b997962b572eef3a7b05f5076308bf21c3fa83a55dc
tex/eff_taki.bin,19267,34ae21d501aa5fac5e8a0a89d740443727c4b5dd025a1bad39fc9f0591e012d1
tex/empireBlack_00.bin,196664,e75d813f10471436e1af4cc23965adca57fa085a40a2366c01060d7d19a5a2dc
tex/empireBlack_01.bin,196664,bf1a8bacf07d35df39f463e61d1d5d606f0222475aa21502dc3e1ceaf8bbdd86
tex/empireBlack_02.bin,196664,4ab86d37a885e258f9dc922ac534c2b0771c56f79bb0fb2a86381271385eb038
tex/empireBlack_03.bin,196664,39d7694f3ba319c8d137d11f7b70e3464376f874bf8dc2f8e30f7e731ceecab6
tex/empireBlack_10.bin,196664,f6bf5b3de91b21fb76bfcc00915e5db344a185e07a74b86814b9591724f80db7
tex/empireBlack_11.bin,196664,7846ce12596d433dcdb2bfb72fcd70e22c3460f12f2b396f53e98ed53cc81f46
tex/etc_1.bin,641024,35ffa82c53a3e86f900a29a2a19fddee2a37f51af0032feccdd118b3128a8f88
tex/etc_1_01.bin,92160,22c486843c29f88cc6906e819abb88148b2e02ef749f7277a78e6988f9707db6
tex/etc_1_02.bin,40960,6daac1f5a302a46049508a06e92e72db20a947aff430bd5005737263a2e2dad9
tex/etc_1_03.bin,131072,c3d83098632db45d4d372c6dd043120f09979ec7b570c6ab6faf4a2e78619133
tex/etc_1_04.bin,28672,3d87e81a29df0f23e4196263177ca063fc745a8d1bfbaef3bf6153b1364c97e2
tex/etc_1_05.bin,188416,7a906e9fb38c330e76ee2cf234339f986ed2dbb8c5abda9ce9c8e7c397b59625
tex/etc_1_06.bin,0,e3b0c44298fc1c149afbf4c8996fb92427ae41e4649b934ca495991b7852b855
tex/etc_1_07.bin,0,e3b0c44298fc1c149afbf4c8996fb92427ae41e4649b934ca495991b7852b855
tex/etc_1_08.bin,0,e3b0c44298fc1c149afbf4c8996fb92427ae41e4649b934ca495991b7852b855
tex/etc_1_09.bin,0,e3b0c44298fc1c149afbf4c8996fb92427ae41e4649b934ca495991b7852b855
tex/etc_2.bin,659456,9885a3fa89b1265ed44d0b3ecb09aa8a0759507be36bea55e94b1ce5aa1d70aa
tex/etc_boy_kao.bin,26624,042ae4ae7c95d51752d8034a7d5fbb5faf9aa75c83b544986ca583f0cc2122b7
tex/etc_door.bin,98304,05b66a932473612e61706b5bcf20faec7a6b5e3e3819d6d2db54873830ea77b5
tex/etc_gal_kao.bin,30720,11d85caa9843f458579e5750dc60beaf2cf95d73a234342b0a2332936d958360
tex/etc_komono_baba.bin,36864,62fdb95c0738fd02d037f312eec4a0058d043d9d618cc9d1c3c021d69db2b03e
tex/etc_komono_boy.bin,43008,f6f3a87cf770bdf6bb780b1568592eab77f5859b9fc34acaeecce68e6d0c8738
tex/etc_komono_buru.bin,20480,1534ebf8a11f86c39611471045e7341d7f99c0db79c80503d54de1b0847e49e6
tex/etc_komono_fem.bin,20480,341da9ca8ef06e999062ea91bbd84483ac127687e9a6a644581fb113b5b30928
tex/etc_komono_gal.bin,88064,f293aaf77a6bca798c8c9b371ebf07055180a56ca1b24423c3d357784f4369e8
tex/etc_komono_garl.bin,43008,24d26f7558d55b62b61ff37e58f83b00e19a1f5f21111d69919761d2cbe0c31f
tex/etc_komono_man.bin,106496,f97d0e666748c4bbb49dd529401718ce1852385eec57e6bdcedec9030812dcfd
tex/etc_komono_mario.bin,57344,be6b77f7b1882bbbe37b4b96c7c351f84429d1184f8a3846883946c648c34a3f
tex/etc_komono_oyaji.bin,86016,08f664da913dad9e7c1f4b5ad0a8d1312bff8d4cf311f07c80d7a63f24c6ee52
tex/etc_man_kao.bin,57344,8609636eacf1c76c5c28f7a158221bae513967055c0779e25b321e736ff79076
tex/etc_oyaji_kao.bin,67584,d37402ace33dc963cedfc62d3df442dbddc1e377a22c6ccaecece81b1a3628be
tex/exit_00.bin,12344,b052be69cff68021e8d11392a01bd68476bd7ef7fe8da8d7ef953a322b0bd624
tex/exit_01.bin,12344,47a46418850a0b0f2c69759c3e560c61532a5504c5ea9ba88f7032ca7b7731be
tex/exit_02.bin,12344,65c1012f3bf3d0585bfc85b436118a7d2728df81b9c95c9422f226652bc5df31
tex/fish.bin,51726,81e8847ee9423aca89baeb5bad1fd46250d61609e9c9938678e2c3dc0138c86e
tex/frog.bin,29263,729539e13c9d0121d047218350aeef3aa2dfba5d71a3439360d615830548f871
tex/frog_gold.bin,2278,c2a7dc24a6a92bcc6004407be77851379da22c4d11c3bd39e932b83f3fa582ea
tex/gameover_player.bin,136512,5a9b080dde0db95a51c08a9cdba17e075803558b52f5284650b720b851a6efbb
tex/gameover_route.bin,3245,6f73cb30fba580458f108cfc7e270fa6c42fffb20afb55334acaf3e1b7518d13
tex/garasu.bin,6564,4ec57da6f4c78ecd7fb06db08f7916b1bb5f1f890e39bc449c7913470af6b9d9
tex/harold.bin,77342,08f55f1c7e8d0ca688c27cfdd989d84cd58d1a8bad5a6d64ae7eeac2e8eded15
tex/hito_baba.bin,109604,896be33fa244ce451c6069dd93dedd552aaf0d70f38f5d5794edc42dc89dc441
tex/hito_babann.bin,60740,b5446c2fe9b33aefe3ad6ab4af8e1503db9a40abd433cbe87e0b6fd79b6fff28
tex/hito_boyaa.bin,53989,26784944a2d316a3f5dcc29324c57ea394d6dfcc0602b8bb2fbd78ebc66f5e1d
tex/hito_buru.bin,74183,db434ab79726cd968b0eac1dc04bda1b94fdb4a2184c9494916c0a5ce68d3b51
tex/hito_fem.bin,89064,d33040246481d5ee54d0b68a8a71481c07ef3af68d4f83d24e65218cff389b7e
tex/hito_gal.bin,61013,61f178e5bcb0a3f2c95e417478aa6d1d37853169d8a796de8b1d3b2355fd901c
tex/hito_gal2.bin,82200,712236b80958e3629971aee4ae35e16359751c3eece6c846076eb9bca9b3232a
tex/hito_gal3.bin,57618,a463f7ddbe3fc6815860ef2ead0655c02c1e74f1f199625d3fcfd50571713810
tex/hito_galaa.bin,58333,b9b510a610545bec9215f48fe3a748bf0c605ec4ea4aec84c050035adc7adf5b
tex/hito_galjk.bin,89536,47a337dc146df116dfb136c6d5848ab678aaba8f0d6bca3febff5ff230e5ecd5
tex/hito_galjkaa.bin,106407,609d887d40231f930b824fb5d76e9a60b04c1c8ea355bd0d22496bf16a0a3ac4
tex/hito_garl.bin,101385,381f55a2c1f67ec2e7e38bfefcc62011099ce59f62dae048e951e40336544bd7
tex/hito_garl2.bin,113759,2b3b3329285dc50b7fa5411e0025743d5e0ece00b09945a4d89c342bf37b7b4d
tex/hito_kao_baba.bin,20284,ecd474a19a1a7597cd29d8b7fe2bb8c84e90368137c5aae21b9cbddee2ee5f03
tex/hito_kao_boy.bin,14019,8f568858ac6229c482c7fe698108d0f58af51efc8c129a365238316e6a4c981b
tex/hito_kao_gal.bin,17011,0eb215b6abe5465ed14f04410980d2ac93604bd0a05040fc58bebb081f2e3192
tex/hito_kao_garl.bin,6659,5cbc92a99f5975b2806e589e67e9f64e4a44c15f528d27cc96278519e641ff2b
tex/hito_kao_man.bin,17043,d4cf4d52a6c9ac5c861e51c294e8ffe2882daa99b2b4d2605a3e97c5d8e29b2a
tex/hito_kao_mario.bin,24472,48dfbf4630b4fcc3c9c12e220cf50ec1e794b32f9d9b7f6a509f6dfc5417742a
tex/hito_kao_oyaji.bin,43855,9510685688b69abc201be264456b32b9312843901188285f3ca024b508f95a9a
tex/hito_man.bin,75309,5d03d3473a624b1bccb885f8f8f5fac05be7ea555c8308a262e23111cca2970b
tex/hito_man2.bin,92276,1b70e04e041729f509ca8cded754567278f8bfbf17b904b03026fbf6caf11cc2
tex/hito_manbest.bin,106617,dccede3db9850373a62848e6aa9b327adc5a80b154cdb6542d4a442a5fb9bfa6
tex/hito_mario.bin,76475,7f2fa4524c36ff01b322f719b9bea83c3aaebb14ca101eceffa95ddc0f7a7e71
tex/hito_mario2.bin,57881,4929022aad292309dee16de59601dc262cd66ad55bbafd041ab65f44ff34eb23
tex/hito_marioaa.bin,65900,e23bad8cdc677247c7e334e501cd1b317061bf45a1194027470464413c4df109
tex/hito_oyaji.bin,72836,f0c15f1dfadf48e732134becc7915d5bb66a66c4dc3d72f10cd782a61d2eba48
tex/hito_oyaji2.bin,82770,2291c7d599ac4d3fe38caedc94d577d90292d1ccfd5a6750b5bf37d7d704cef3
tex/hito_oyajiaa.bin,55000,309a06fe7ddf76865753262449ddf4429e601fe427a1db4617f8b0661bd0e23e
tex/hito_oyajisagyo.bin,69912,56a57c4f60e2137396fe7bcc8e8b2a1222a9182f6015dcbb82b187570d194746
tex/hitoc.bin,69863,df3716d2956b042ba8ab1e7907b60f755f2862b34efda4995886b2531e5c7181
tex/hod2title00.bin,196664,c9a5ce9fa9cf335c4d0b85b46842630f587703a37adf280b9a9be4ef1a00ce65
tex/hod2title01.bin,196664,89bb1ce477d079ad1dbf5100bad4e090f60f60c27f9dc29933d4cd89b97e4bb4
tex/hod2title02.bin,196664,0f44e42688881a35b09d9f900d5a9d071967254ba78ba604052339d398e808ce
tex/hod2title03.bin,196664,e81dd8326585a1f22983e05076c07faeba5ff849ece976c8c590bcd613204670
tex/hod2title10.bin,196662,8bf19167dd7027745427626db5bb4062ac25093008661547611f2f37bf94c70d
tex/hod2title11.bin,196662,054539eccf7617eafc68a4c393c89b49898c618433783f0c8b11228c8afe58e9
tex/hou.bin,136739,037e6ec34ad67d43128ef83acb23f7c73c9b19550bd420caabdb88a1c6e11aa8
tex/hou_hod1.bin,72703,77040ab74874dd4bfb920cb7d46c39714c2902aef43974605798ddef3b635370
tex/item_dia.bin,6443,d96cecbaf29b998a61e4d94bc140751ad09efd432cf2b356e6a1cd7085807be8
tex/komono_1.bin,28445,8ad90dcc0433211997202e12ed969d693cbd498a37aadc4a096d462acac54082
tex/komono_2.bin,27372,12055da0ad1b21c0dbd8760017a27d42e564ead149db0388b39acac02031344b
tex/komono_3.bin,41140,c6cf28f1fbbed3358fdba2dd59d7ebcbfe75648a2c11333281ddf4a1f1ed926d
tex/komono_4.bin,4,df3f619804a92fdb4057192dc43dd748ea778adc52bc498ce80524c014b81119
tex/komono_5.bin,32804,bf955c836468f59a353798800742986255438da622769b251d3e8648448781ed
tex/komono_6.bin,5470,36cc8221f818c811491c45f6682f1267f4da8051568fc3dd7dda07ca72b80624
tex/komono_7.bin,24412,83820d2b41b1be28b09c4902b37c83d25008479c2412e7f9d4662650c5eb5763
tex/komono_8.bin,4,df3f619804a92fdb4057192dc43dd748ea778adc52bc498ce80524c014b81119
tex/komono_anna.bin,192811,586d35c079b1da0b9dea5289c5714abbc0e151a72631c7c4286eb3101b3ac12d
tex/komono_bar.bin,105671,1b4cf9b5eae1b38162ad0c6e549aff1a2a9a10018b870ed0cda0df93521a93ed
tex/komono_barmae.bin,63722,b3738612b5909b0177a84633d55a1cd9d149dfa864839343e6558ad02fcf8d5a
tex/komono_boat.bin,61983,3ea69f8e6fe8432a6b54f0e019da51e426438ae5f144487953d0fd391b71d1b1
tex/komono_boss2.bin,31999,9e6f0981db6c0b07b5797a81b397f03a6429f96f9b7e42a58e49df8bde38dae3
tex/komono_ido_oke.bin,21583,896ba6973330b90f822db61534717a9a9df4d00f9daaa844683078744ab17981
tex/komono_kanban.bin,47176,d65c7dc99dd077ca0b99fef89ea7e159e284caf03a5688f9b3c01aac074d9e1e
tex/komono_room.bin,118213,2257dde1eb3bb233fc5de0efd40b4fffdb9744a91e030b1b57f01e99ca5ca67f
tex/komono_shop.bin,24852,006b14c9b8ebb3f117a9682a8a0b0fbfb28aba7d14ab5a658434f0b13db81ebf
tex/komono_shop2.bin,56489,9c2179498e7b48fdc8d10162d3dea55ec9970178822a35a9489441bd1583c29b
tex/komono_souko.bin,191102,0c1aad037cb5f90e63b8477aeab6f829a0a5c0ff1f4f5df61abdde6465bc6c1f
tex/komono_st1.bin,99876,5c9e7e3594aad7cd6f433519e812fe31c5f4bdcf7bbe8c1a69a16bd41005e8c9
tex/komono_st1b.bin,124244,abcb3cdc9a7d27445767000024881069cf4a8ae7b64a15bdbff340cfc877eb4e
tex/komono_st2.bin,4,df3f619804a92fdb4057192dc43dd748ea778adc52bc498ce80524c014b81119
tex/komono_st4.bin,169110,bdcbe750f9992470c847d03adf79972d9dc597f48ddeed6957d0c530874f2b51
tex/komono_st6.bin,153138,1df91ef3b9194fad092dfe7cc7c1925c9842fa71689c64a493e95fef31278a20
tex/komono_suimon.bin,190080,94f342f211a729b6e906afed0f1a47cc05da97d1641c8fbe611aa4443ceb9970
tex/komono_suimonie.bin,111101,be2f300e5787f56c9f03bb057a267ead5c72d95bcc520b4406ca8f03fe06a4ec
tex/komono_title.bin,22429,9eb90e8cfe4c84e1b2063e8d2fbe486a74ef9786b6dd0e5a8ccc9d3548e7c554
tex/komono_tokeidai.bin,72259,bc321d2d4893d3d0a1fe959d9ba971e3266fe11c1e723625cdda9cd2a860085c
tex/komono_uemiti.bin,107563,4b50d167fe3682f67d0f2cf5a5891a7adc89af496c3d9c9b258de0567fba2346
tex/komono_unga.bin,39155,e7cbf92692b06a791dddb900f4805300bcb351f7b7026116cb018005d773dc05
tex/komono_venis.bin,35049,774b7e7df2c7ad80400eed92245d79a9dd6bfc4db70e147a7ea47de7f773cb3e
tex/kyoukai_garasu.bin,79472,688f808e9be1399cb0cfd770ee893c116862edd5913a9aa504f35b183703263a
tex/logan.bin,170358,c090ede9cbb8a5c00ce4570bb509e1b48d2180e3c76a90c9d1f687be0f617767
tex/logan_hod1.bin,74242,d879e0e0f68d6b4c2cffea6f9c768466081b642d978933719552679b7aea2406
tex/mol.bin,30842,2561796b860bea358e5c5d975cd46bc54ee651b615a8133c323565d03e4053d4
tex/mouse.bin,15438,7288421604693f30d83b73336641cb111a8f8c1173060c6bdd7ed76ee1cecee5
tex/network_00.bin,12344,5fbe79b044324586613fb70244038cc6b7614f6629729760f44b8c0246f917d9
tex/network_01.bin,12344,6c2005d7dd73c0eab8d001fbc9fe322f21c551bacaed94b98b06fd0e7893d031
tex/network_02.bin,12344,7e36732310ab7993f45d65e35d8326faf5396f5d251708dda79c5cd8bfea0e06
tex/nment.bin,91221,15c3bf579e2fd039d8a94ba8de84cbaee7b30146c2ece010de14ac85dcc5188b
tex/option_00.bin,12344,79f124d9c9f12ff8612d529c01a1b5622d417ae25bf7c681e111eb9612884df5
tex/option_01.bin,12344,ebca486f021dce31f7079af2441178dd3fd2da1b53b14098da1aa078d17723e8
tex/option_02.bin,12344,14603854967d5cab20eea6f5171f25b4b96c09e12f3c7a521085e474f8262c47
tex/original_00.bin,12344,f06e40cb1ee424b4db1067872bbdbd8bf269e0a91c1057ae21e085f83c6f10de
tex/original_01.bin,12344,929f03d51a31f22172e7a4ab797f0cfe8262e6aae383339832aaac1c11ab6936
tex/original_02.bin,12344,bf6538e07238fd415159f4fd23ece2983428bf2d152d67a6067e2b93024c73e1
tex/owl.bin,142931,74c976f28a95a0ec7ed19178a6789a65df6384c2a5a8d07d57eb4274c8219679
tex/player1.bin,93557,fe59553993a44aef023e85b2b384a496eef53c8829dc6da7e7fb4be24032aeec
tex/player2.bin,102336,c266e0ef33728fcf9e175dd502fe2985cfad341f51713b4a10b43a24240b9929
tex/player3.bin,104295,b3079ee693e57ae03323b09fb7cd14170aa88a9cc8611440fa387fdb4d5c7a3a
tex/player4.bin,110493,3cdda8b837fdac27129406c77bf85fd1b7f95f5f09d627afd3d7acd619fd86b3
tex/player_gold.bin,109092,2132393ce7aca04d62882797db0dca4a2e8a60adcf844d5b21b0abae0db4160f
tex/ranking.bin,375458,01abc4a9a8bd2570317f6907cf29f694766a85ddb80718551e261bec746b1598
tex/ranking_00.bin,12344,93f8edf4e0dc1c21123d1a1e735a9788360584c8bf3e8824c60df3b277c13192
tex/ranking_01.bin,12344,6a297b57be474658bd848a2732800ae9c72f27556f65b88c56681b8302f40f80
tex/ranking_02.bin,12344,d51a8e55326a50976bdb86b6d6183e5c058d7fa9b0a145e286a142114294d0ca
tex/rating.bin,44787,ca55a9705ade927e656df891677687e9ea66b0472447e54486cbcc01bce96ca9
tex/result.bin,21953,795857acd12ccf4f80463538f147b399aab405e9954198f0f7940501d8a4baf3
tex/samson.bin,72702,6a8e3056be27415443219dec89e29731690453169f8be7d41157afb642648bec
tex/sanbasi.bin,81991,a9ac58c076e1257827670dc3b01bc8fff0da182bce7edc0bf63b90a5b5526af4
tex/scr_adver.bin,53578,05399e9d3db84768afad0191830e47e46a1d8b00b63c05c9d1a834794fa70e0b
tex/scr_adx.bin,26527,deb5538cdc8be36418560d28a568d2df00d35a29b583e4e177a8bc94f2566c92
tex/scr_back.bin,92900,1797510e1a1a4c20b16666bae447774dbea461543b1c1a04e0613dce4eade422
tex/scr_back2.bin,99092,74a907b6ddb0fb5397ecea166b5178d20b2c8074717539a0b5d74856e32304af
tex/scr_back3.bin,92437,15dc6e68e8a59a860fa7cfa6db655c9f68045f9ec9011e4ee9868752231e04e1
tex/scr_back4.bin,218628,6f2da8b718ae302a958871e540365cd04ca0a2492a6ab3a02674b2c4ef07e299
tex/scr_back5.bin,86562,a7fd2b51b7afe8635d91e0a786b888b672b230eab035f9889d64b8330b3fac79
tex/scr_blood_green.bin,86557,e3be5c26f39b600f9234a47e92d9af697664be5f97f4dd244028b2eca4f5395b
tex/scr_blood_red.bin,85275,a9609869157e5ff7f01530e7fde9cafcede60535d78ee9ae35c5b9bac4e18f4f
tex/scr_bosmater.bin,9060,d60e99aa4db0884fb57720e0e4b13db556848b3614548b49d83171a168b3a9be
tex/scr_bosmater_st1.bin,4194,e83d011cc8c5749df886c49d703d4d5878359939c87fd5b11c1da0bfe31be7cd
tex/scr_bosmater_st2.bin,4975,f2a07e175e6ac6bd5b00eaeab3597e8341f47b612a23d32a1e4de51acfa5ae13
tex/scr_bosmater_st3.bin,3677,e1bc5d3dc926da1346bf79f0c02d54a7932523428bac5bc63b79caf43c58e054
tex/scr_bosmater_st4.bin,4338,f4b881112d5182c515ed77675c6d2ae98657ff4381f432edd633a8b58ee52373
tex/scr_bosmater_st5.bin,3979,ab43b910721376020e74b0c861135de2441729143ce2f6071958437c5dce6885
tex/scr_bosmater_st6.bin,3962,93b93e3cf20ba9681516ef2a4ec20e2ae0c09e85561365a4e03ffc3375bcf2e1
tex/scr_boss.bin,97662,5744231b9504acac2707d387ec539661c859339f6bb6dbaf0bb95970e90da6fd
tex/scr_bunki.bin,216762,de497736912ec426d5ef742fc2134e858bf06eb62767b0bb53bd8942e62a0ce8
tex/scr_chapter_st1.bin,17616,4922f21cd7079db52f2ce02800c13acac1072584cb1c6161b951fa49bb24c53a
tex/scr_chapter_st2.bin,16949,ff98d6c2c8e557fedff5ef6560671f63fed2f5b83a8dd3f3d835e12cb248ec98
tex/scr_chapter_st3.bin,18612,0c983a7bd04f82647ff40d9278c8a2bd04a73fe6ba43c017e0d7242d0ca2c22a
tex/scr_chapter_st4.bin,15255,0dec15c5dc09d9b02b833626dfb928e7273dae53b8951cb66c434bfcd859e2cc
tex/scr_chapter_st5.bin,15394,2384eccc539824688276ee291f8cec9506f719ffae401e02a820b2e000ff0035
tex/scr_chapter_st6.bin,20744,7848e65869f1913f13bf6ce84dc212a4412f9ba2c2def34fbbf48753c63df6d4
tex/scr_common.bin,45687,adf58a40d90e5bbcf9cc4d24aa2f1afe52a28cb500657169421b15c042e63854
tex/scr_dc_common.bin,11080,0639c29b0af74e38c73cfff9900dd5f6ebc3c1e9a4150d5b9ef1ce7e8b211fa3
tex/scr_dc_option.bin,185338,12acda6e1912ccf97af506be2335c6f6c12340ea05a28097c897e55a0afc5530
tex/scr_dc_taiken.bin,51621,80ca26529cf7f0ee3c0559ecf799fa75f2659bb2a329dac3aeb39685442c9d45
tex/scr_dokan.bin,56780,347e7d5aced6310fb0cb43ed2aa012f2e38de72933fd3bbf4bbe42ba58ba79a2
tex/scr_end.bin,2847,20b75425847416efdf5e4fec01889e5b07e91cd34fae98b4db9fa9e8b0eb145e
tex/scr_endstaff.bin,50815,b039009091d66bf2c2dacb3fbae1ff458f6bef2795deffda659bda0c4e25965e
tex/scr_etc000.bin,263224,d26854fa6e579de6cf385c80e21984bcf5b479bbea5af997df5dabe9893eaaf7
tex/scr_etc001.bin,263224,e3fbd28403e7431df7bbc10e5a1bbe672001d6052541ba415be06ba7682082dd
tex/scr_etc002.bin,737336,b68f430973a1ae1eafffa92e8f76016ac2d006245060f6d77061aa5780c97727
tex/scr_etc003.bin,60896,c8b49ea3e554d51cd603620c4c7a98bb37aa0b86f2adbd2b5a0f3774835a373a
tex/scr_etc_1.bin,25809,55f79f5b2d821654d3395ff4c0c0f22f42cfd710d7feec7d2eea2b0d3dc40abb
tex/scr_gameover.bin,30374,08aaffb1d43021ad6da4f401f22bf604444ee9f4df0e5c712bda5a2d7e8b0fad
tex/scr_hinichi.bin,257960,23cf81255236687b67c53175d986377aeec135bf3cf93e31594e8f8edb3e0719
tex/scr_item.bin,85392,ba9d2c7c09483b4e44d24a93df0c756424ad090a643894f9364fcc75493eb168
tex/scr_item_00.bin,707,04757e608269aeee106c1c220d9462a80697b73ae5a185a65c62883c1b4a8771
tex/scr_item_01.bin,928,9d3418353f8987ebf41cbdf10bc2a901e3eab56f6a03be6505d409d297b87a65
tex/scr_item_02.bin,697,718cd1ec1b28851a637f51027ecd1a98828011ee5cd7750ba869668235eb960e
tex/scr_item_03.bin,883,b11dc9868c2531da3774016706d7b8d46b5ee32e0e871ddd350d2fbf20de13a1
tex/scr_item_04.bin,882,1423fa23d729e29d454b3e0c4e62d4cadf9a4813104887bed1e982174c2add13
tex/scr_item_05.bin,927,c0e703b22c8a20263e6efcd56d9904f7a0d001183605108b4791450d4949876e
tex/scr_item_06.bin,867,7dcee9b6933c4aeb1d760172f5dd350aeadad49192bfec65d2a92b2391b76a70
tex/scr_item_07.bin,901,468765d630ec745d8196c35ec5152ca7511ed1149ccf676f5a937983e4bd0fe7
tex/scr_item_08.bin,868,e8605b09ee9de199fabb991755a2660c03fcb3fdae914ece0d824dc63821a4e6
tex/scr_item_09.bin,891,31f55c3d162363451977646d107a5effd3c91bfa8a81b84c68413e848d97e21f
tex/scr_item_10.bin,853,d4b00ef1e7481353bc26f5ba27e152a2c7cf00c0daf473cea999ecdc68b333ec
tex/scr_item_11.bin,445,930f0136bc793174137a7fc8388a92e675d0f3be687e143b8a25f88e848bb6f4
tex/scr_item_12.bin,433,198165fa1ec4f31f0549d0c491111758ccc7d07c989fda0de0a8581c33961615
tex/scr_item_13.bin,662,fc27a8a9d0cab80769c4290177b9b52306865f8ee49af70d8b31453b83400c0f
tex/scr_item_14.bin,657,bb19eec1486d24d80e41ccfab9dc4d3a51e8f72c0dcc2a93021243338e16d55c
tex/scr_item_15.bin,715,a96e12edfab01bd3f2891889350facdd34c5556be10f5cc581fc42712b64f78e
tex/scr_item_16.bin,641,4f4de27907662314beae952b2109dc142e90e452a25e1a71c01c591a8902bf37
tex/scr_item_17.bin,1223,384019e4c1d6e3b9b5563c2b74c046a07de540003673993bfaa87957bc0aacad
tex/scr_item_18.bin,612,7cc677600ce9b9ce4242f1f5395e8f0ac1c0e0496588b09b3e7e132ccfcfce90
tex/scr_item_19.bin,751,10617ffa62a4b99500dc5ee68b9a8ec7ca5887b2ae1dcf65105261a2db35b4bb
tex/scr_item_20.bin,994,51152278ef153760bb63229c1d1fe075f4f9d3c36c2a7331eca2ce2ad9136acb
tex/scr_item_21.bin,932,f12826e8835d73fdc4dca9a553704a3e8209ddd2c2d485f67607a4c343b8961b
tex/scr_item_22.bin,1015,67855bc87ae8c2bdc3b2f0f1e099ff474160d6d56aa065ff91148847fc9dd766
tex/scr_item_23.bin,1162,8a028858809d4cae520ac2cccb59188dcb9d387a10511a8b69088032ce6918e6
tex/scr_item_24.bin,1211,8ddf7fc14dc4a3ce3983ef20a39688b1d9b6a50921f54b27ba5fcfa293bf405b
tex/scr_item_25.bin,840,4a3e957437bebd84ce58f24ce1de0263f3ee247efb6a7de4ac4fa3da673fc398
tex/scr_item_26.bin,1242,f105ea3e23d31e208cd68a20188f8cb077365a69454a98fb0872a482cd9219de
tex/scr_item_27.bin,1409,877358af3c5380a832a77722cb99f9254c6e2d2f6322c3686f57006abd8cbe68
tex/scr_item_28.bin,1193,ea1b529d2be5492d192e277d706b10eb1e388ace0e2c9f2d2a6bc62b047f4916
tex/scr_item_29.bin,501,d7143aaa04acf6b66726fd53dca1c58b7f3e50df8a538bc1572a55c23fbd58f4
tex/scr_item_30.bin,805,04ae2304b3975d20c5d169f37acf287443d13b2b09646bbaf7bd1d95ee11349e
tex/scr_item_31.bin,469,4b70d1dfbdf80ed3822e7dda5cb415470236e844c24483033abfecf251c2341e
tex/scr_item_32.bin,1014,64bb7afa0d552321dfacddacfe3d2aedf850b5df7a027ff87deef2e38e9fb5f2
tex/scr_item_33.bin,606,d3a98305331bf90e1e93a3db0e1bf5daeff7d555ae65d12cc5bbb9c090f9d26f
tex/scr_item_all.bin,20403,57f9b2b93cf72cda2db65f5404305c73a0c928f9a371ae9345ae55ca442a1242
tex/scr_itemc_all.bin,285,ea71de024aab7be571bf6acf20438cdef2155987e3c7fcbd57397b2951de91d7
tex/scr_jimaku.bin,73387,ef127e02f28d4ff4d9d10ff98dbeea58f943e145ea75dfc6740751de766da33e
tex/scr_jimaku_adv.bin,25091,0aa09b858af6506d17131edad31d5fc8207626c4fe6fd2a3c7785b88386afdc2
tex/scr_jimaku_e.bin,9525,c6b7f7b27d7fd5131aef98b5c38105929ed39a1428fb660a63b023a9a3c4683a
tex/scr_jimaku_e2.bin,9525,a662f1fbdd79ced12a02444f3080f16ed8aea9ab3e3942b284a6349de3efb49c
tex/scr_jimaku_ending.bin,41397,f633138d3e9659dee355bb085c4d6fd5cf053716d12832a0e335df585cccd3c7
tex/scr_jimaku_new.bin,20933,686f56c7dbc94dc50aeede0c4bd41c8bca159c8cbb748d6195dcd7e9113eaef5
tex/scr_jimaku_st2.bin,84906,510784ed8fe9c8d9004f83c77381e0e2454b9047c9ffe896ef18cd5797ecbaa8
tex/scr_jimaku_st3.bin,83859,047bc8cb0b9266380a74a966b0d8f1f9fd816361506044b5afda5dd048c7d983
tex/scr_jimaku_st4.bin,54091,5526ece90d7ba06780127e432a10f2a778f1ff6f52fefa2f406461f7fc113e73
tex/scr_jimaku_st5.bin,54524,9e7dad7ca1983072c8be5e30aebf1eead19c6d1b1652f89308ff1b256bc497b0
tex/scr_jimaku_st6.bin,46980,8afe7c80d49a596da850ac19c137040dd69d612fe17663cfaa304d2184c18df3
tex/scr_lisence.bin,7066,79a581a15113c75799aa9b2f82b05e389e2fe0e79e49774d19d52d7d67fa6f74
tex/scr_load.bin,96990,08c4ddba4fe317ce1bfc81a9fe22c48b49bbdb83a20d348552ff2df5dc5e48a8
tex/scr_load2.bin,85624,acb4263dd16827b829948278c2d93c11a3ee61ded61ac18c7ee385e55e15f5f9
tex/scr_opt_moji01.bin,14568,c672a7e6106698b96caf059148c8b97cd26de15b039f48ee68e0ec7d93375ce4
tex/scr_opt_moji02.bin,15078,c1c373540e9395dc1bb673ea096f897b0b1720761c3accf065e43900960dbfec
tex/scr_opt_moji03.bin,14051,a430a41a7ec386cb9d25de06852b0b735dc081f11c6e34aa7b43e53499a1530e
tex/scr_opt_moji04.bin,15192,77ad48a33d7e53e42b299243bd759a08bda21c17379d5ef4fcda0b91c1c0de19
tex/scr_opt_moji05.bin,15143,78182ccd13fe2ca3a3721f8b43692a62af928f4f4ec2841e56e575f639621f15
tex/scr_org.bin,2327,53e9eaeeeda3f190c23ba4a626a561ae59446076d4fd53453dc1dda81f16503f
tex/scr_rank_bos01.bin,85800,402d92812b4dbff179240a973dbeb74faf54c650b2043a16548c64d96ae74181
tex/scr_rank_bos02.bin,89328,d01ca12c92ce4dc436727152bf0fbc2e864b0d275d2b7d5e59dd46e92b2bf8e9
tex/scr_rank_bos03.bin,86153,848314e83faba6714244f1c2bf8c3d3f222c4ad7891c0453a4fc65c5469b39d8
tex/scr_rank_bos04.bin,92861,f8b1b6fa2116731ef0ccedafa749e048cdd3da45a7d491f51dd24e41226eb33d
tex/scr_rank_bos05.bin,88222,0b44cab403333f37e069f7b1127b4e85f375aea2c03200e7266fe411490a0814
tex/scr_rank_bos06.bin,89461,39c5a4979db1592aa02d7f56f246f7c57776df51554c77f20d5827d19812efe9
tex/scr_rank_bos07.bin,93707,8e2de1527e56e5ec5da0f428b4ae4a12420cd0ad7ef2cee526e8dd72e5cf20a3
tex/scr_rank_bos_all.bin,625414,f09ab244d8246522c1e0419693614d87d3396937a4e915834ce7218c4ce23890
tex/scr_ranking.bin,120945,340c572247ef2d2775cf0eb899dab9e64e4bd5e628e15ffddcc17419a021dc57
tex/scr_ranking2.bin,47546,904c7207106ec482ff466a4c63e162c3ebe8fd20894667d263015b439607780c
tex/scr_result.bin,58489,73ff64d7dd835a0b40d81f21561c745be9b5cca594df3614e7f5f8bac32059f0
tex/scr_setumei.bin,132042,da5cee012b50aa7ea43ea5ba078b44c0821909f4b63f4c27ca5925c5f667941e
tex/scr_setumei_e.bin,35444,d06c0e51a8764c0f29b9d27df5ce926c25970451047be6f97be136933efb95c4
tex/scr_title.bin,324635,73379e3f9b2c63c9811b2a37650e3c02565b5689bfbf6e25ffb9bd5067e7330f
tex/scr_tod_itm_itamidome2.bin,987,457bc2ebc584d3af7119ef5ab39302e6503d342a47794d5820a66062fe989001
tex/scr_training.bin,54237,37e6421135783badd94b6c35e579849fd2b2e850e30a9f61f28e80a550773dc8
tex/scr_training2.bin,103928,7a505344d882231ef1b0033945df807b24d9384b2236896da2acbb2ea1e5c37f
tex/scr_training_game.bin,84178,37de76579caa931508cc5f42574ed6fc893a6888e133aa1a3e04c113de36793a
tex/scr_training_sele.bin,59976,161615eb45d26b1d669152fd62fbd60e3a70088f1b5aaab7b148688440260361
tex/scr_trn_byo.bin,13928,418afc6d4b204e4426fd918bb9817748e47b36d0f7ee861cc23a7467fdfb902c
tex/scr_trn_com.bin,17097,5b47898e84f327e58ab2b15ae748fff2b1d75713f842b4d690c29346e87e4a95
tex/scr_trn_icon.bin,22385,eab5c932be3428b88497313962dcd628a4a1137046da8f141b3d44440317a651
tex/scr_tv.bin,25789,38efb4894396bdc12839b67d4268ea4452222fc880922b68df64c9ef5f4b23e0
tex/scr_vmc.bin,135729,2377b9be5674340e67f35b35dceccda10786668a36435e7753f84ed976b029b0
tex/scr_vmc_cant.bin,4734,65be29e63088717f9333ea323dfb3a86321a3a6e6b0fab212052504fe274306f
tex/scr_vmc_ctrl.bin,6005,dcde7c2f2e9d762f460e481697704a5fccb827135bea62b9b686268665ab48ea
tex/scr_water.bin,30882,a0ae24924ab53e0cb1cc9a7a37b48b3d1a0e91936e03bf55b85dc5a1b6633fa2
tex/segalogor_00.bin,196664,cda924e2d5e38774420635b0cf061c69d146b880f6b2b83b3e24fe8f40264bf2
tex/segalogor_01.bin,196664,b5fd68190c2fe6e60df584fd7d2f50b1925eaa03aa17e527535983ed6cc83e71
tex/segalogor_02.bin,196664,ad358116c4d32b5df7cfd001b35d3c78c45321dc3caad10c5025162e412a1b8c
tex/segalogor_03.bin,196664,416df67ed40f5c25ed1d448de424e495c7116fd7a52b9e799ac3195821c22a34
tex/segalogor_10.bin,196664,51a6877bcb374d4fee6800f0197f12ba5b77f5945c48fcd930c22ed3d33e7166
tex/segalogor_11.bin,196664,28acc5e17bddd52128b734bda3bf0e6e613d5156c18c4f5beb81def0efc37022
tex/st1_01.bin,884736,e9b60f7d493820df7871d1605a4779258799b775dcc2edc0d8d7f1b84b6f1cfa
tex/st1_01b.bin,507904,33ab881e0ffb52247c74d7913b79263ae1cbf1662ed3076bf00091a98105f829
tex/st1_01c.bin,897024,857a483ff5e5b6859fd8f0bb300665b593564997d9c42ee1f54b3524c94dfdc7
tex/st1_02.bin,569344,578776d86e1c2b71a7c6d560eb2e76591a8f63bf03559ed9bef78439be198955
tex/st1_03.bin,450560,33d72325210334ec26f6c5984c8f3fd9859fe26b7fad13a89375b0c30c7239d3
tex/st1_03b.bin,954368,83e52262ed479917b0ad01a5cb37302b3078cd3e119d4d1f019abc4d8e0f204f
tex/st1_03c.bin,796672,538d39d966b452cfa75178b233afbb4ce73c6d676fbfa239d35b2deb2538bc1f
tex/st1_04.bin,331776,80832de0ad8d76d55e48c74c33ee183dca34ad011d3766d099e698668ced4f7a
tex/st1_04b.bin,651264,e15046753dd228eed8a2277c4afe61adf6d9ebf39c9e07b726e6dabb79b60a1b
tex/st1_04c.bin,798720,d31415ba316cf1ebc6069d7280b09277282214c0433c207d478da8bf0698a6e3
tex/st1_05.bin,667648,f4d22c0608f109be21d6a190aa326a193ee13532a9bb6e512dba98341f4450a7
tex/st1_1.bin,927744,8c5583c816ef8ace2188751565cee1327679f047fb6c614e631a404e93e12ce0
tex/st1_1b.bin,516096,14eadcf76f833ff0bfc9b6f110373f3d8381ed3b057ffb574e70262509527acf
tex/st2_01.bin,329728,fe88a29777a3d4cc6c9dea2730bd87081ac7a732dcf2c49366f7a38d8234f7db
tex/st2_02.bin,776192,6867dc37b04b0ecf1ceb9d3805f8a76c7f02f78248ad5ea7016c0a463a18d5a9
tex/st2_02b.bin,272384,f472d53e02202b1f408986f02a12e3e20bf88719cce27ea65e8455039888392a
tex/st2_03.bin,843776,eeb5f18186b20b76c940bf3081cf7c74558e9b9007867d1f202ad5b69e83d37f
tex/st2_04.bin,612352,d88fb4743156099ad0ef98f06053a0021ae6c7a5fc1b2ff285cb0cd61af1c4ff
tex/st2_05.bin,454656,84d02df16ba9502811ce4715305dd1831105e84d658bcc033c34128ad397ad3c
tex/st2_06.bin,866304,2e87a7445a745fdbe9e63c140c267d8a60ebf69ebb434b1b167471e19d9e276c
tex/st2_06b.bin,397312,ecd9ddfdb6baf878935a517bffec3cfe2e8ee8b38a42d35521bb5ab1fd976b88
tex/st2_06c.bin,499712,b1e34994ae8c80402e65d6680e5ea6d7294e7dffe89ca5095fdeaf833714e474
tex/st2_07.bin,870400,d0980c4643f6c5d1f05592c0fe17d1c5ecb72292f3534e12cfb7ba4a2825be86
tex/st2_08.bin,817152,20929b300f72fc9b315de228b120fed8507ba69192d4f9983ef30ceb86c5bb40
tex/st2_09.bin,79872,f2b5991424a82225cd9958e8e3e655d51b235fb0915f1316e6e46e2ece136eb1
tex/st2_10.bin,768000,bf465dcc8ad8333c14839c69a8e28568604c399eaa5a82cdbb1eecf3a2c4563d
tex/st2_11.bin,665600,e9243a0c188a307b5ff7652bdc05095d66b7b9f5381cd4fd826831f88bbf94e5
tex/st2_11b.bin,673792,84873b8d6bf4ab0a8909086452fe7d47701a54349d3444f0380238417e309cd0
tex/st2_12.bin,477184,6a0d02e2834d5a17e2f2d05fbbbfe261465fb24d6898b7656ba78e87ad56acdf
tex/st2_13.bin,348160,bae983b563f2066143595985aef3595f01111db6627878964bc4ccd177d67030
tex/st2_14.bin,235520,b351e6f3f39628c718ee04abd9839a41b0a02559f6cee591cc87eeea30618bba
tex/st3.bin,75776,611c274d1c5faef8bd83bac2ba683bfb28d06d4165f4357cb3238d6d657f5bbe
tex/st3_01.bin,557056,965b09be0fd4974ccddfb7f30bb591a0fef5138d89a81f0664d5b3dc72729119
tex/st3_02.bin,524288,d8e5bfce024b0ef0f53fda044d52d9d9f5282533fb722614b0865097ca4e3ee0
tex/st3_03.bin,389120,45c7806d6217757dcf3e87f7a0bcee2791a417929f5b83764f5c9c91d982a0a8
tex/st3_04.bin,546816,4353bec4ad82fbb13f8d661440ff9f0c97e2dc0e09d454584da0664e28789032
tex/st3_05.bin,147456,eed988257f07f90532e4720e05dcf92ab95b11d62e27090765fb8ba89cbc7286
tex/st3_06.bin,200704,b03019999ec1c93e1abbf227c04a668ff9b1b84175d443b8e5df84846b55e080
tex/st3_07.bin,116736,e411ba14ba32e1250418ba3befaf97335f7d01ad06543278ef29ef13336f1c3b
tex/st3_08.bin,557056,965b09be0fd4974ccddfb7f30bb591a0fef5138d89a81f0664d5b3dc72729119
tex/st3_tika_bos.bin,100182,a5822e94cf8a360b24718ba7bc3f11830c580d112dfa9fac74efff671e87bdee
tex/st4.bin,0,e3b0c44298fc1c149afbf4c8996fb92427ae41e4649b934ca495991b7852b855
tex/st4_01.bin,862208,ea5558424caa9aecc3b9dc405f402f0824f7455442171dc6502075ddd3539d98
tex/st4_02.bin,518144,94b0982a4017bdeb32f98af7bcef6820418b8d66f46fe761fb3c880400e2383e
tex/st4_03.bin,827392,097e6f385383ecc950c61ac788142fa9ce70c0d955b89bf9ebb6058db03afb08
tex/st4_04.bin,190464,f39b36f07349e262278df52063cbecf84acb9f8177f0932c48cb3bac078d5dfd
tex/st4_05.bin,335872,ba2d3e64748a2c37b245d35142d5d852d4e059ce085bed76524fa56bce99234b
tex/st4_06.bin,897024,5bb103c3df81c160c56ff9591fa0be3ec1d1950e70b1c64fbc71a60577d1dec2
tex/st4_07.bin,458752,d97de425931db8b42e1b53e234a91d8fcb558a777367a008a7597bfd8f24896e
tex/st4_08.bin,835584,c2a1cc84099f7ac65ff3883bbe5a5e3123e109a02f3ad65ca9f57dce85ffec20
tex/st4_09.bin,389120,436c030acbd4ae48a8c76d9e60a845b10f639f6825b5e78aee05867edb1e6384
tex/st5.bin,884736,50d842baa7051ac17efd29a6d99a49e4e56af22fd64013a21a55c084443f2d53
tex/st5_01.bin,249856,dfb7eca16290172be0cfbce6a10b7cf8f33beed597db9b9f40244a396b902986
tex/st5_01b.bin,692224,cd21e060d53012280410198cc7a36205db73d4c4358946244ac1a2140a1d3a8e
tex/st5_02.bin,71680,146cd9d9ed97e49c817f6162101d3ea5e76933e09e3704b41fc6148a9c7ea99a
tex/st5_02b.bin,575488,32f7f88e894734e8e66a3e60d2dd9065f16dd5babdc0e5e1517216ec26ede771
tex/st6_01.bin,798720,a57f7a36b5e73d1ecd85e7daa72d67dbbef638e06fc49d2a3c7c047ca14ac8b9
tex/st6_01b.bin,466944,25a5e717119375fd48692b95b8e9b99cff83588aafefc4710408df302b3abd4e
tex/st_adver.bin,0,e3b0c44298fc1c149afbf4c8996fb92427ae41e4649b934ca495991b7852b855
tex/st_adver00.bin,0,e3b0c44298fc1c149afbf4c8996fb92427ae41e4649b934ca495991b7852b855
tex/st_adver01.bin,761856,4c02491749df54042ca3ac19bd8f26e965cd06690e1f5b6667c6cb4cff71094d
tex/st_adver02.bin,339968,e5529a6c277beac16e16fa7155fef0ff3108998f3682e7c28c8dfc5c7b796228
tex/st_adver03.bin,505856,05b390d371850dee152bea2ab29dee8e9b0ab943620640f394bf41959681745e
tex/st_adver04.bin,942080,d1167900f39d2d4936ec65589fd5ba8d413fa24f053a9033a712a16871430827
tex/st_adver05.bin,0,e3b0c44298fc1c149afbf4c8996fb92427ae41e4649b934ca495991b7852b855
tex/st_adver06.bin,0,e3b0c44298fc1c149afbf4c8996fb92427ae41e4649b934ca495991b7852b855
tex/st_adver07.bin,0,e3b0c44298fc1c149afbf4c8996fb92427ae41e4649b934ca495991b7852b855
tex/st_adver08.bin,0,e3b0c44298fc1c149afbf4c8996fb92427ae41e4649b934ca495991b7852b855
tex/st_org00.bin,798720,705de077cbd85a0d802267e1f0330d0f8ecf2d3e692c33084d7d293eb36f3887
tex/st_org01.bin,348160,b643b71764d0134a06c442d337c586115ab2d1780ff7c4fce419211bab0a9cd8
tex/st_org02.bin,690176,e3c5a096a5e82abb17830ab6d22148096410371186346b45571d112ef3363dac
tex/st_org03.bin,448512,341e0712a73ef60c9dd655d6e4088886aa634c4c9501031b46fcc6179b066de7
tex/stage1.bin,642,a49941c2d7f122ab605a2bc6732ebdd80163c22bf7fb7df073beb0eab70e967a
tex/stage2.bin,4,df3f619804a92fdb4057192dc43dd748ea778adc52bc498ce80524c014b81119
tex/stage3.bin,4,df3f619804a92fdb4057192dc43dd748ea778adc52bc498ce80524c014b81119
tex/stage4.bin,4,df3f619804a92fdb4057192dc43dd748ea778adc52bc498ce80524c014b81119
tex/stage5.bin,21,3bd124f354c21fb9ef4b2277688f46ebed52d45700c82c1709cb929230ccb9c2
tex/test_1.bin,496189,590935584caa2c08ae98756d63818574f7ce67e93d3ab3aa6526e817a9d67b99
tex/test_2.bin,4,df3f619804a92fdb4057192dc43dd748ea778adc52bc498ce80524c014b81119
tex/test_3.bin,1410,c7863a2853491401ffa52e2fc38d7a7569e5e48bed8f86db6dcd804a6d652f4f
tex/tokei_gear.bin,79344,54d26cf5a730ea030b72bd54d0d8171253e15f5479629295551d74f14199b7e6
tex/traning_00.bin,12344,5d900f6d0ff87f7526f3783ec5472238d4b70861dd6e1386b463512ef19efd55
tex/traning_01.bin,12344,8ce976e4cf3706de092ce64f94da6b88395606b1b0db9919cf5e1589517f78a3
tex/traning_02.bin,12344,672b3c2f8f048365ffb06d60f34749b493abcd24527d1ca1c791949a3b276fc7
tex/tutorial.bin,274866,16fa05fb92319c1d03d26d5e6aa72e652f695374375bb42abaa9f22f51e018fe
tex/tv.bin,47493,d06e9dc94cd00b18d27254a86f869c3f06337a8fb737ff32ca8d3a3f29303d86
tex/water.bin,15172,38b7d5e01cbe35044ea18331812bc54edf32b3919829c1096d1f68fb6176aacb
tex/water_boat.bin,6504,890af124942a359e3f867d5d5faf3b2dadcffcce2e127c10602bab202974b080
tex/water_hamon.bin,13863,8f7c038e1b24162d1b58a5d49b99cbe4e6e67f872b207015fe9ec590c4730a9d
tex/zabat.bin,15687,22ac763ac52771e1606a2574609836e566a997f495c5ac5a80666fe5d3f8305e
tex/zabat_hod1.bin,6232,5e3d9d73ea43ef10b8015bfcf2035c0a5586bb3f18ea5e337c5c5aad22590ce4
tex/zabat_wing.bin,5461,72707b651057da7f7f413edc3c9db962993be6f23a3e5a06fddc46931b79e6d8
tex/znassb.bin,185327,a5fb6756d21e6f352fc906386fdd0cfceacaef3612e55b8e8d3d0520e3da436a
tex/znchain.bin,161146,9b4afbc986fc555d7a5f492da01587ab90bebf1464417f4010dec00187eb16f4
tex/zndina.bin,116523,c4b24f952222bd252163c8d4904dfa7218a1f33799d2d3717eed2f924f7a5b97
tex/znebi2.bin,125040,da170927b0e0cb0988762afc161f0c5c8962eb449ccc837905a00601ae20ce27
tex/znebi3.bin,120957,bb548c8fbba4a3d6e642a86396c43dc7c3f813f0f7985caa2116b8816a2d3e7e
tex/znebi4.bin,100271,bc0858ddff9abeb7a05f6e776aee3a3575fd739f352edd3a4edb31d56b11a8d6
tex/znele.bin,142645,2739f3de1fd9d3d98165f131b275d67c49f6b719f5dcf1b03f5c88705784b406
tex/zngold.bin,133533,a0ca35c3eea4586ef6937454d534690e39175e40081f0baf2444955f7c6a7ba7
tex/znjikken1.bin,8906,1904147b39b8e83d23f9f79f7e2aff3b04c318f345d799d50145f036cfeb4e23
tex/znjoe.bin,122892,72b39076823c793a1df53b76146aa23204a9e731cf9b7e11ede620539d6b2bc0
tex/znkage.bin,71831,16bcc9bca32727a69cdc20fa489c17363e1f6458cd992c9c51b3fe24c40f0720
tex/znkage_dam.bin,119034,4392c39577f3336671707a779a3eb4d19b39185bbe47096743eadd8eea2243ac
tex/znkager.bin,83868,82d1610a7ecb69f6d5822ab319582784e4996f3fa6d26e5e9ddce99f37ecc358
tex/znkagex.bin,91824,a761f4437f0ce43ad217cd7f94a93a9c36d624173efe4d1ba6a7255b665a2251
tex/znken.bin,140722,a91a6ee406d5ed478113c3540db8b7ce966429601f6a02171e7636ed906f6446
tex/znnick.bin,102288,07139d6694732083ed734ab5d392d38cd175bd20a73f10d4c9d98ce691a6ca1e
tex/znnickb.bin,108400,591df297ab07f633ceef99098baeac2638b8e87b17ed2348eb723a6277e81f6a
tex/znonoo.bin,158431,89eb4dc7f70d681909ab762aff19610896cbd9c459b62c5e707d431ebee36982
tex/znonoopa.bin,145478,edbf8390512828320dba1df0855947d62200aae64f62186aa8bbe7d5a9246383
tex/znsam2.bin,129404,b5c7114ebccc2acee3807b8ffc6c96e8f54082e84d87d0d953c27d027600036b
tex/znsam2b.bin,119860,48d36e98b292c680d64d39ba9c8d21f0687f320547f382744071cb9f4817636e
tex/zsass.bin,113763,ad216a767f11da97cca0538976f074ffe79ae2e3ba894b9dd8c5e20833f7bd55
tex/zskamere.bin,124337,38af689cae52a3d37ece62af150d7aee803a582d2d3c129cfabb828aea2efa44
tex/zslman.bin,75439,8baf7fad45990229274f7feed6114ae52c6ff97711d2cd9f93b4206e457ffc84
tex/zstin.bin,106251,fba54edf334b9d195e356a3cd59ccfeb9bd0ea8da351a201d40c1d19815e3e01
